#
# A fatal error has been detected by the Java Runtime Environment:
#
#  EXCEPTION_ACCESS_VIOLATION (0xc0000005) at pc=0x00007ffedef2b2ba, pid=21300, tid=2860
#
# JRE version: Java(TM) SE Runtime Environment (25.0+37) (build 25+37-LTS-3491)
# Java VM: Java HotSpot(TM) 64-Bit Server VM (25+37-LTS-3491, mixed mode, sharing, tiered, compressed oops, compressed class ptrs, g1 gc, windows-amd64)
# Problematic frame:
# C  [lwjgl_opengl.dll+0xb2ba]
#
# No core dump will be written. Minidumps are not enabled by default on client versions of Windows
#
# If you would like to submit a bug report, please visit:
#   https://bugreport.java.com/bugreport/crash.jsp
# The crash happened outside the Java Virtual Machine in native code.
# See problematic frame for where to report the bug.
#

---------------  S U M M A R Y ------------

Command Line: com.mycompany.aimlab_painversion.AimLab_PainVersion

Host: AMD Ryzen 7 9700X 8-Core Processor             , 16 cores, 31G,  Windows 11 , 64 bit Build 26100 (10.0.26100.8115)
Time: Fri Apr 17 22:03:13 2026 ora legale Europa occidentale elapsed time: 0.348608 seconds (0d 0h 0m 0s)

---------------  T H R E A D  ---------------

Current thread (0x0000020c06a1b650):  JavaThread "main"             [_thread_in_native, id=2860, stack(0x0000006137500000,0x0000006137600000) (1024K)]

Stack: [0x0000006137500000,0x0000006137600000],  sp=0x00000061375ff5c8,  free space=1021k
Native frames: (J=compiled Java code, j=interpreted, Vv=VM code, C=native code)
C  [lwjgl_opengl.dll+0xb2ba]  (no source info available)

Java frames: (J=compiled Java code, j=interpreted, Vv=VM code)
j  org.lwjgl.opengl.GL11.glMatrixMode(I)V+0
j  com.mycompany.aimlab_painversion.Camera.setupProjection()V+3
j  com.mycompany.aimlab_painversion.Camera.start(J)V+0
j  com.mycompany.aimlab_painversion.ScreenInit.init()V+141
j  com.mycompany.aimlab_painversion.ScreenInit.run()V+15
j  com.mycompany.aimlab_painversion.AimLab_PainVersion.main([Ljava/lang/String;)V+7
v  ~StubRoutines::call_stub 0x0000020c18e512ed

siginfo: EXCEPTION_ACCESS_VIOLATION (0xc0000005), reading address 0x0000000000000540


Registers:
RAX=0x0000020c33500920, RBX=0x0000020c2f57c0f0, RCX=0x0000000000001701, RDX=0x0000000000000000
RSP=0x00000061375ff5c8, RBP=0x00000061375ff640, RSI=0x0000020c2f16e7a8, RDI=0x0000020c18e58b18
R8 =0x0000000000001701, R9 =0x0000020c074234a0, R10=0x0000020c18e5d353, R11=0x000000062d956fe0
R12=0x0000000000000000, R13=0x0000020c2f57c0e8, R14=0x00000061375ff660, R15=0x0000020c06a1b650
RIP=0x00007ffedef2b2ba, EFLAGS=0x0000000000010202

XMM[0]=0x0000000000000000 0x0000000000000000
XMM[1]=0x0000000000000000 0x0000000000000000
XMM[2]=0x0000000000000000 0x0000000000000000
XMM[3]=0x0000000000000000 0x0000000000000000
XMM[4]=0x0000000000000000 0x0000000000000000
XMM[5]=0x0000000000000000 0x0000000000000000
XMM[6]=0x0000000000000000 0x0000000000000000
XMM[7]=0x0000000000000000 0x0000000000000000
XMM[8]=0x0000000000000000 0x0000000000000000
XMM[9]=0x0000000000000000 0x0000000000000000
XMM[10]=0x0000000000000000 0x0000000000000000
XMM[11]=0x0000000000000000 0x0000000000000000
XMM[12]=0x0000000000000000 0x0000000000000000
XMM[13]=0x0000000000000000 0x0000000000000000
XMM[14]=0x0000000000000000 0x0000000000000000
XMM[15]=0x0000000000000000 0x0000000000000000
  MXCSR=0x00001fa0


Register to memory mapping:

RAX=0x0000020c33500920 points into unknown readable memory: 0x0000000000000000 | 00 00 00 00 00 00 00 00
RBX={method} {0x0000020c2f57c0f8} 'glMatrixMode' '(I)V' in 'org/lwjgl/opengl/GL11'
RCX=0x0000000000001701 is an unknown value
RDX=0x0 is null
RSP=0x00000061375ff5c8 is pointing into the stack for thread: 0x0000020c06a1b650
RBP=0x00000061375ff640 is pointing into the stack for thread: 0x0000020c06a1b650
RSI=0x0000020c2f16e7a8 is pointing into metadata
RDI=0x0000020c18e58b18 is at code_begin+1272 in an Interpreter codelet
return entry points  [0x0000020c18e58620, 0x0000020c18e59298]  3192 bytes
R8 =0x0000000000001701 is an unknown value
R9 =0x0000020c074234a0 points into unknown readable memory: 0x0000004000000001 | 01 00 00 00 40 00 00 00
R10=0x0000020c18e5d353 is at code_begin+1139 in an Interpreter codelet
native method entry point (kind = native)  [0x0000020c18e5cee0, 0x0000020c18e5dae0]  3072 bytes
R11=0x000000062d956fe0 is an oop: java.lang.Class 
{0x000000062d956fe0} - klass: 'java/lang/Class' - flags: 

 - ---- fields (total size 279 words):
 - private volatile transient 'classRedefinedCount' 'I' @12  0 (0x00000000)
 - injected 'klass' 'J' @16  587541448 (0x0000000023052bc8)
 - injected 'array_klass' 'J' @24  0 (0x0000000000000000)
 - injected 'oop_size' 'I' @32  279 (0x00000117)
 - injected 'static_oop_field_count' 'I' @36  0 (0x00000000)
 - private final transient 'modifiers' 'C' @40    1 (0x0001)
 - private final transient 'primitive' 'Z' @42  false (0x00)
 - private volatile transient 'cachedConstructor' 'Ljava/lang/reflect/Constructor;' @44  null (0x00000000)
 - private transient 'name' 'Ljava/lang/String;' @48  "org.lwjgl.opengl.GL11"{0x000000062d9578a8} (0xc5b2af15)
 - private transient 'module' 'Ljava/lang/Module;' @52  a 'java/lang/Module'{0x00000007ffc1f4d8} (0xfff83e9b)
 - private final 'classLoader' 'Ljava/lang/ClassLoader;' @56  a 'jdk/internal/loader/ClassLoaders$AppClassLoader'{0x00000007ffc1f458} (0xfff83e8b)
 - private transient 'classData' 'Ljava/lang/Object;' @60  null (0x00000000)
 - private transient 'signers' '[Ljava/lang/Object;' @64  null (0x00000000)
 - private transient 'packageName' 'Ljava/lang/String;' @68  "org.lwjgl.opengl"{0x000000062d912310} (0xc5b22462)
 - private final transient 'componentType' 'Ljava/lang/Class;' @72  null (0x00000000)
 - private final transient 'protectionDomain' 'Ljava/security/ProtectionDomain;' @76  a 'java/security/ProtectionDomain'{0x000000062d956e18} (0xc5b2adc3)
 - private volatile transient 'reflectionData' 'Ljava/lang/ref/SoftReference;' @80  null (0x00000000)
 - private volatile transient 'genericInfo' 'Lsun/reflect/generics/repository/ClassRepository;' @84  null (0x00000000)
 - private volatile transient 'enumConstants' '[Ljava/lang/Object;' @88  null (0x00000000)
 - private volatile transient 'enumConstantDirectory' 'Ljava/util/Map;' @92  null (0x00000000)
 - private volatile transient 'annotationData' 'Ljava/lang/Class$AnnotationData;' @96  null (0x00000000)
 - private volatile transient 'annotationType' 'Lsun/reflect/annotation/AnnotationType;' @100  null (0x00000000)
 - transient 'classValueMap' 'Ljava/lang/ClassValue$ClassValueMap;' @104  null (0x00000000)
 - injected 'source_file' 'Ljava/lang/Object;' @108  null (0x00000000)
 - injected '<init_lock>' 'Ljava/lang/Object;' @112  null (0x00000000)
 - signature: Lorg/lwjgl/opengl/GL11;
 - ---- static fields (0):
 - public static final 'GL_ACCUM' 'I' @120  256 (0x00000100)
 - public static final 'GL_LOAD' 'I' @124  257 (0x00000101)
 - public static final 'GL_RETURN' 'I' @128  258 (0x00000102)
 - public static final 'GL_MULT' 'I' @132  259 (0x00000103)
 - public static final 'GL_ADD' 'I' @136  260 (0x00000104)
 - public static final 'GL_NEVER' 'I' @140  512 (0x00000200)
 - public static final 'GL_LESS' 'I' @144  513 (0x00000201)
 - public static final 'GL_EQUAL' 'I' @148  514 (0x00000202)
 - public static final 'GL_LEQUAL' 'I' @152  515 (0x00000203)
 - public static final 'GL_GREATER' 'I' @156  516 (0x00000204)
 - public static final 'GL_NOTEQUAL' 'I' @160  517 (0x00000205)
 - public static final 'GL_GEQUAL' 'I' @164  518 (0x00000206)
 - public static final 'GL_ALWAYS' 'I' @168  519 (0x00000207)
 - public static final 'GL_CURRENT_BIT' 'I' @172  1 (0x00000001)
 - public static final 'GL_POINT_BIT' 'I' @176  2 (0x00000002)
 - public static final 'GL_LINE_BIT' 'I' @180  4 (0x00000004)
 - public static final 'GL_POLYGON_BIT' 'I' @184  8 (0x00000008)
 - public static final 'GL_POLYGON_STIPPLE_BIT' 'I' @188  16 (0x00000010)
 - public static final 'GL_PIXEL_MODE_BIT' 'I' @192  32 (0x00000020)
 - public static final 'GL_LIGHTING_BIT' 'I' @196  64 (0x00000040)
 - public static final 'GL_FOG_BIT' 'I' @200  128 (0x00000080)
 - public static final 'GL_DEPTH_BUFFER_BIT' 'I' @204  256 (0x00000100)
 - public static final 'GL_ACCUM_BUFFER_BIT' 'I' @208  512 (0x00000200)
 - public static final 'GL_STENCIL_BUFFER_BIT' 'I' @212  1024 (0x00000400)
 - public static final 'GL_VIEWPORT_BIT' 'I' @216  2048 (0x00000800)
 - public static final 'GL_TRANSFORM_BIT' 'I' @220  4096 (0x00001000)
 - public static final 'GL_ENABLE_BIT' 'I' @224  8192 (0x00002000)
 - public static final 'GL_COLOR_BUFFER_BIT' 'I' @228  16384 (0x00004000)
 - public static final 'GL_HINT_BIT' 'I' @232  32768 (0x00008000)
 - public static final 'GL_EVAL_BIT' 'I' @236  65536 (0x00010000)
 - public static final 'GL_LIST_BIT' 'I' @240  131072 (0x00020000)
 - public static final 'GL_TEXTURE_BIT' 'I' @244  262144 (0x00040000)
 - public static final 'GL_SCISSOR_BIT' 'I' @248  524288 (0x00080000)
 - public static final 'GL_ALL_ATTRIB_BITS' 'I' @252  1048575 (0x000fffff)
 - public static final 'GL_POINTS' 'I' @256  0 (0x00000000)
 - public static final 'GL_LINES' 'I' @260  1 (0x00000001)
 - public static final 'GL_LINE_LOOP' 'I' @264  2 (0x00000002)
 - public static final 'GL_LINE_STRIP' 'I' @268  3 (0x00000003)
 - public static final 'GL_TRIANGLES' 'I' @272  4 (0x00000004)
 - public static final 'GL_TRIANGLE_STRIP' 'I' @276  5 (0x00000005)
 - public static final 'GL_TRIANGLE_FAN' 'I' @280  6 (0x00000006)
 - public static final 'GL_QUADS' 'I' @284  7 (0x00000007)
 - public static final 'GL_QUAD_STRIP' 'I' @288  8 (0x00000008)
 - public static final 'GL_POLYGON' 'I' @292  9 (0x00000009)
 - public static final 'GL_ZERO' 'I' @296  0 (0x00000000)
 - public static final 'GL_ONE' 'I' @300  1 (0x00000001)
 - public static final 'GL_SRC_COLOR' 'I' @304  768 (0x00000300)
 - public static final 'GL_ONE_MINUS_SRC_COLOR' 'I' @308  769 (0x00000301)
 - public static final 'GL_SRC_ALPHA' 'I' @312  770 (0x00000302)
 - public static final 'GL_ONE_MINUS_SRC_ALPHA' 'I' @316  771 (0x00000303)
 - public static final 'GL_DST_ALPHA' 'I' @320  772 (0x00000304)
 - public static final 'GL_ONE_MINUS_DST_ALPHA' 'I' @324  773 (0x00000305)
 - public static final 'GL_DST_COLOR' 'I' @328  774 (0x00000306)
 - public static final 'GL_ONE_MINUS_DST_COLOR' 'I' @332  775 (0x00000307)
 - public static final 'GL_SRC_ALPHA_SATURATE' 'I' @336  776 (0x00000308)
 - public static final 'GL_TRUE' 'I' @340  1 (0x00000001)
 - public static final 'GL_FALSE' 'I' @344  0 (0x00000000)
 - public static final 'GL_CLIP_PLANE0' 'I' @348  12288 (0x00003000)
 - public static final 'GL_CLIP_PLANE1' 'I' @352  12289 (0x00003001)
 - public static final 'GL_CLIP_PLANE2' 'I' @356  12290 (0x00003002)
 - public static final 'GL_CLIP_PLANE3' 'I' @360  12291 (0x00003003)
 - public static final 'GL_CLIP_PLANE4' 'I' @364  12292 (0x00003004)
 - public static final 'GL_CLIP_PLANE5' 'I' @368  12293 (0x00003005)
 - public static final 'GL_BYTE' 'I' @372  5120 (0x00001400)
 - public static final 'GL_UNSIGNED_BYTE' 'I' @376  5121 (0x00001401)
 - public static final 'GL_SHORT' 'I' @380  5122 (0x00001402)
 - public static final 'GL_UNSIGNED_SHORT' 'I' @384  5123 (0x00001403)
 - public static final 'GL_INT' 'I' @388  5124 (0x00001404)
 - public static final 'GL_UNSIGNED_INT' 'I' @392  5125 (0x00001405)
 - public static final 'GL_FLOAT' 'I' @396  5126 (0x00001406)
 - public static final 'GL_2_BYTES' 'I' @400  5127 (0x00001407)
 - public static final 'GL_3_BYTES' 'I' @404  5128 (0x00001408)
 - public static final 'GL_4_BYTES' 'I' @408  5129 (0x00001409)
 - public static final 'GL_DOUBLE' 'I' @412  5130 (0x0000140a)
 - public static final 'GL_NONE' 'I' @416  0 (0x00000000)
 - public static final 'GL_FRONT_LEFT' 'I' @420  1024 (0x00000400)
 - public static final 'GL_FRONT_RIGHT' 'I' @424  1025 (0x00000401)
 - public static final 'GL_BACK_LEFT' 'I' @428  1026 (0x00000402)
 - public static final 'GL_BACK_RIGHT' 'I' @432  1027 (0x00000403)
 - public static final 'GL_FRONT' 'I' @436  1028 (0x00000404)
 - public static final 'GL_BACK' 'I' @440  1029 (0x00000405)
 - public static final 'GL_LEFT' 'I' @444  1030 (0x00000406)
 - public static final 'GL_RIGHT' 'I' @448  1031 (0x00000407)
 - public static final 'GL_FRONT_AND_BACK' 'I' @452  1032 (0x00000408)
 - public static final 'GL_AUX0' 'I' @456  1033 (0x00000409)
 - public static final 'GL_AUX1' 'I' @460  1034 (0x0000040a)
 - public static final 'GL_AUX2' 'I' @464  1035 (0x0000040b)
 - public static final 'GL_AUX3' 'I' @468  1036 (0x0000040c)
 - public static final 'GL_NO_ERROR' 'I' @472  0 (0x00000000)
 - public static final 'GL_INVALID_ENUM' 'I' @476  1280 (0x00000500)
 - public static final 'GL_INVALID_VALUE' 'I' @480  1281 (0x00000501)
 - public static final 'GL_INVALID_OPERATION' 'I' @484  1282 (0x00000502)
 - public static final 'GL_STACK_OVERFLOW' 'I' @488  1283 (0x00000503)
 - public static final 'GL_STACK_UNDERFLOW' 'I' @492  1284 (0x00000504)
 - public static final 'GL_OUT_OF_MEMORY' 'I' @496  1285 (0x00000505)
 - public static final 'GL_2D' 'I' @500  1536 (0x00000600)
 - public static final 'GL_3D' 'I' @504  1537 (0x00000601)
 - public static final 'GL_3D_COLOR' 'I' @508  1538 (0x00000602)
 - public static final 'GL_3D_COLOR_TEXTURE' 'I' @512  1539 (0x00000603)
 - public static final 'GL_4D_COLOR_TEXTURE' 'I' @516  1540 (0x00000604)
 - public static final 'GL_PASS_THROUGH_TOKEN' 'I' @520  1792 (0x00000700)
 - public static final 'GL_POINT_TOKEN' 'I' @524  1793 (0x00000701)
 - public static final 'GL_LINE_TOKEN' 'I' @528  1794 (0x00000702)
 - public static final 'GL_POLYGON_TOKEN' 'I' @532  1795 (0x00000703)
 - public static final 'GL_BITMAP_TOKEN' 'I' @536  1796 (0x00000704)
 - public static final 'GL_DRAW_PIXEL_TOKEN' 'I' @540  1797 (0x00000705)
 - public static final 'GL_COPY_PIXEL_TOKEN' 'I' @544  1798 (0x00000706)
 - public static final 'GL_LINE_RESET_TOKEN' 'I' @548  1799 (0x00000707)
 - public static final 'GL_EXP' 'I' @552  2048 (0x00000800)
 - public static final 'GL_EXP2' 'I' @556  2049 (0x00000801)
 - public static final 'GL_CW' 'I' @560  2304 (0x00000900)
 - public static final 'GL_CCW' 'I' @564  2305 (0x00000901)
 - public static final 'GL_COEFF' 'I' @568  2560 (0x00000a00)
 - public static final 'GL_ORDER' 'I' @572  2561 (0x00000a01)
 - public static final 'GL_DOMAIN' 'I' @576  2562 (0x00000a02)
 - public static final 'GL_CURRENT_COLOR' 'I' @580  2816 (0x00000b00)
 - public static final 'GL_CURRENT_INDEX' 'I' @584  2817 (0x00000b01)
 - public static final 'GL_CURRENT_NORMAL' 'I' @588  2818 (0x00000b02)
 - public static final 'GL_CURRENT_TEXTURE_COORDS' 'I' @592  2819 (0x00000b03)
 - public static final 'GL_CURRENT_RASTER_COLOR' 'I' @596  2820 (0x00000b04)
 - public static final 'GL_CURRENT_RASTER_INDEX' 'I' @600  2821 (0x00000b05)
 - public static final 'GL_CURRENT_RASTER_TEXTURE_COORDS' 'I' @604  2822 (0x00000b06)
 - public static final 'GL_CURRENT_RASTER_POSITION' 'I' @608  2823 (0x00000b07)
 - public static final 'GL_CURRENT_RASTER_POSITION_VALID' 'I' @612  2824 (0x00000b08)
 - public static final 'GL_CURRENT_RASTER_DISTANCE' 'I' @616  2825 (0x00000b09)
 - public static final 'GL_POINT_SMOOTH' 'I' @620  2832 (0x00000b10)
 - public static final 'GL_POINT_SIZE' 'I' @624  2833 (0x00000b11)
 - public static final 'GL_POINT_SIZE_RANGE' 'I' @628  2834 (0x00000b12)
 - public static final 'GL_POINT_SIZE_GRANULARITY' 'I' @632  2835 (0x00000b13)
 - public static final 'GL_LINE_SMOOTH' 'I' @636  2848 (0x00000b20)
 - public static final 'GL_LINE_WIDTH' 'I' @640  2849 (0x00000b21)
 - public static final 'GL_LINE_WIDTH_RANGE' 'I' @644  2850 (0x00000b22)
 - public static final 'GL_LINE_WIDTH_GRANULARITY' 'I' @648  2851 (0x00000b23)
 - public static final 'GL_LINE_STIPPLE' 'I' @652  2852 (0x00000b24)
 - public static final 'GL_LINE_STIPPLE_PATTERN' 'I' @656  2853 (0x00000b25)
 - public static final 'GL_LINE_STIPPLE_REPEAT' 'I' @660  2854 (0x00000b26)
 - public static final 'GL_LIST_MODE' 'I' @664  2864 (0x00000b30)
 - public static final 'GL_MAX_LIST_NESTING' 'I' @668  2865 (0x00000b31)
 - public static final 'GL_LIST_BASE' 'I' @672  2866 (0x00000b32)
 - public static final 'GL_LIST_INDEX' 'I' @676  2867 (0x00000b33)
 - public static final 'GL_POLYGON_MODE' 'I' @680  2880 (0x00000b40)
 - public static final 'GL_POLYGON_SMOOTH' 'I' @684  2881 (0x00000b41)
 - public static final 'GL_POLYGON_STIPPLE' 'I' @688  2882 (0x00000b42)
 - public static final 'GL_EDGE_FLAG' 'I' @692  2883 (0x00000b43)
 - public static final 'GL_CULL_FACE' 'I' @696  2884 (0x00000b44)
 - public static final 'GL_CULL_FACE_MODE' 'I' @700  2885 (0x00000b45)
 - public static final 'GL_FRONT_FACE' 'I' @704  2886 (0x00000b46)
 - public static final 'GL_LIGHTING' 'I' @708  2896 (0x00000b50)
 - public static final 'GL_LIGHT_MODEL_LOCAL_VIEWER' 'I' @712  2897 (0x00000b51)
 - public static final 'GL_LIGHT_MODEL_TWO_SIDE' 'I' @716  2898 (0x00000b52)
 - public static final 'GL_LIGHT_MODEL_AMBIENT' 'I' @720  2899 (0x00000b53)
 - public static final 'GL_SHADE_MODEL' 'I' @724  2900 (0x00000b54)
 - public static final 'GL_COLOR_MATERIAL_FACE' 'I' @728  2901 (0x00000b55)
 - public static final 'GL_COLOR_MATERIAL_PARAMETER' 'I' @732  2902 (0x00000b56)
 - public static final 'GL_COLOR_MATERIAL' 'I' @736  2903 (0x00000b57)
 - public static final 'GL_FOG' 'I' @740  2912 (0x00000b60)
 - public static final 'GL_FOG_INDEX' 'I' @744  2913 (0x00000b61)
 - public static final 'GL_FOG_DENSITY' 'I' @748  2914 (0x00000b62)
 - public static final 'GL_FOG_START' 'I' @752  2915 (0x00000b63)
 - public static final 'GL_FOG_END' 'I' @756  2916 (0x00000b64)
 - public static final 'GL_FOG_MODE' 'I' @760  2917 (0x00000b65)
 - public static final 'GL_FOG_COLOR' 'I' @764  2918 (0x00000b66)
 - public static final 'GL_DEPTH_RANGE' 'I' @768  2928 (0x00000b70)
 - public static final 'GL_DEPTH_TEST' 'I' @772  2929 (0x00000b71)
 - public static final 'GL_DEPTH_WRITEMASK' 'I' @776  2930 (0x00000b72)
 - public static final 'GL_DEPTH_CLEAR_VALUE' 'I' @780  2931 (0x00000b73)
 - public static final 'GL_DEPTH_FUNC' 'I' @784  2932 (0x00000b74)
 - public static final 'GL_ACCUM_CLEAR_VALUE' 'I' @788  2944 (0x00000b80)
 - public static final 'GL_STENCIL_TEST' 'I' @792  2960 (0x00000b90)
 - public static final 'GL_STENCIL_CLEAR_VALUE' 'I' @796  2961 (0x00000b91)
 - public static final 'GL_STENCIL_FUNC' 'I' @800  2962 (0x00000b92)
 - public static final 'GL_STENCIL_VALUE_MASK' 'I' @804  2963 (0x00000b93)
 - public static final 'GL_STENCIL_FAIL' 'I' @808  2964 (0x00000b94)
 - public static final 'GL_STENCIL_PASS_DEPTH_FAIL' 'I' @812  2965 (0x00000b95)
 - public static final 'GL_STENCIL_PASS_DEPTH_PASS' 'I' @816  2966 (0x00000b96)
 - public static final 'GL_STENCIL_REF' 'I' @820  2967 (0x00000b97)
 - public static final 'GL_STENCIL_WRITEMASK' 'I' @824  2968 (0x00000b98)
 - public static final 'GL_MATRIX_MODE' 'I' @828  2976 (0x00000ba0)
 - public static final 'GL_NORMALIZE' 'I' @832  2977 (0x00000ba1)
 - public static final 'GL_VIEWPORT' 'I' @836  2978 (0x00000ba2)
 - public static final 'GL_MODELVIEW_STACK_DEPTH' 'I' @840  2979 (0x00000ba3)
 - public static final 'GL_PROJECTION_STACK_DEPTH' 'I' @844  2980 (0x00000ba4)
 - public static final 'GL_TEXTURE_STACK_DEPTH' 'I' @848  2981 (0x00000ba5)
 - public static final 'GL_MODELVIEW_MATRIX' 'I' @852  2982 (0x00000ba6)
 - public static final 'GL_PROJECTION_MATRIX' 'I' @856  2983 (0x00000ba7)
 - public static final 'GL_TEXTURE_MATRIX' 'I' @860  2984 (0x00000ba8)
 - public static final 'GL_ATTRIB_STACK_DEPTH' 'I' @864  2992 (0x00000bb0)
 - public static final 'GL_CLIENT_ATTRIB_STACK_DEPTH' 'I' @868  2993 (0x00000bb1)
 - public static final 'GL_ALPHA_TEST' 'I' @872  3008 (0x00000bc0)
 - public static final 'GL_ALPHA_TEST_FUNC' 'I' @876  3009 (0x00000bc1)
 - public static final 'GL_ALPHA_TEST_REF' 'I' @880  3010 (0x00000bc2)
 - public static final 'GL_DITHER' 'I' @884  3024 (0x00000bd0)
 - public static final 'GL_BLEND_DST' 'I' @888  3040 (0x00000be0)
 - public static final 'GL_BLEND_SRC' 'I' @892  3041 (0x00000be1)
 - public static final 'GL_BLEND' 'I' @896  3042 (0x00000be2)
 - public static final 'GL_LOGIC_OP_MODE' 'I' @900  3056 (0x00000bf0)
 - public static final 'GL_INDEX_LOGIC_OP' 'I' @904  3057 (0x00000bf1)
 - public static final 'GL_LOGIC_OP' 'I' @908  3057 (0x00000bf1)
 - public static final 'GL_COLOR_LOGIC_OP' 'I' @912  3058 (0x00000bf2)
 - public static final 'GL_AUX_BUFFERS' 'I' @916  3072 (0x00000c00)
 - public static final 'GL_DRAW_BUFFER' 'I' @920  3073 (0x00000c01)
 - public static final 'GL_READ_BUFFER' 'I' @924  3074 (0x00000c02)
 - public static final 'GL_SCISSOR_BOX' 'I' @928  3088 (0x00000c10)
 - public static final 'GL_SCISSOR_TEST' 'I' @932  3089 (0x00000c11)
 - public static final 'GL_INDEX_CLEAR_VALUE' 'I' @936  3104 (0x00000c20)
 - public static final 'GL_INDEX_WRITEMASK' 'I' @940  3105 (0x00000c21)
 - public static final 'GL_COLOR_CLEAR_VALUE' 'I' @944  3106 (0x00000c22)
 - public static final 'GL_COLOR_WRITEMASK' 'I' @948  3107 (0x00000c23)
 - public static final 'GL_INDEX_MODE' 'I' @952  3120 (0x00000c30)
 - public static final 'GL_RGBA_MODE' 'I' @956  3121 (0x00000c31)
 - public static final 'GL_DOUBLEBUFFER' 'I' @960  3122 (0x00000c32)
 - public static final 'GL_STEREO' 'I' @964  3123 (0x00000c33)
 - public static final 'GL_RENDER_MODE' 'I' @968  3136 (0x00000c40)
 - public static final 'GL_PERSPECTIVE_CORRECTION_HINT' 'I' @972  3152 (0x00000c50)
 - public static final 'GL_POINT_SMOOTH_HINT' 'I' @976  3153 (0x00000c51)
 - public static final 'GL_LINE_SMOOTH_HINT' 'I' @980  3154 (0x00000c52)
 - public static final 'GL_POLYGON_SMOOTH_HINT' 'I' @984  3155 (0x00000c53)
 - public static final 'GL_FOG_HINT' 'I' @988  3156 (0x00000c54)
 - public static final 'GL_TEXTURE_GEN_S' 'I' @992  3168 (0x00000c60)
 - public static final 'GL_TEXTURE_GEN_T' 'I' @996  3169 (0x00000c61)
 - public static final 'GL_TEXTURE_GEN_R' 'I' @1000  3170 (0x00000c62)
 - public static final 'GL_TEXTURE_GEN_Q' 'I' @1004  3171 (0x00000c63)
 - public static final 'GL_PIXEL_MAP_I_TO_I' 'I' @1008  3184 (0x00000c70)
 - public static final 'GL_PIXEL_MAP_S_TO_S' 'I' @1012  3185 (0x00000c71)
 - public static final 'GL_PIXEL_MAP_I_TO_R' 'I' @1016  3186 (0x00000c72)
 - public static final 'GL_PIXEL_MAP_I_TO_G' 'I' @1020  3187 (0x00000c73)
 - public static final 'GL_PIXEL_MAP_I_TO_B' 'I' @1024  3188 (0x00000c74)
 - public static final 'GL_PIXEL_MAP_I_TO_A' 'I' @1028  3189 (0x00000c75)
 - public static final 'GL_PIXEL_MAP_R_TO_R' 'I' @1032  3190 (0x00000c76)
 - public static final 'GL_PIXEL_MAP_G_TO_G' 'I' @1036  3191 (0x00000c77)
 - public static final 'GL_PIXEL_MAP_B_TO_B' 'I' @1040  3192 (0x00000c78)
 - public static final 'GL_PIXEL_MAP_A_TO_A' 'I' @1044  3193 (0x00000c79)
 - public static final 'GL_PIXEL_MAP_I_TO_I_SIZE' 'I' @1048  3248 (0x00000cb0)
 - public static final 'GL_PIXEL_MAP_S_TO_S_SIZE' 'I' @1052  3249 (0x00000cb1)
 - public static final 'GL_PIXEL_MAP_I_TO_R_SIZE' 'I' @1056  3250 (0x00000cb2)
 - public static final 'GL_PIXEL_MAP_I_TO_G_SIZE' 'I' @1060  3251 (0x00000cb3)
 - public static final 'GL_PIXEL_MAP_I_TO_B_SIZE' 'I' @1064  3252 (0x00000cb4)
 - public static final 'GL_PIXEL_MAP_I_TO_A_SIZE' 'I' @1068  3253 (0x00000cb5)
 - public static final 'GL_PIXEL_MAP_R_TO_R_SIZE' 'I' @1072  3254 (0x00000cb6)
 - public static final 'GL_PIXEL_MAP_G_TO_G_SIZE' 'I' @1076  3255 (0x00000cb7)
 - public static final 'GL_PIXEL_MAP_B_TO_B_SIZE' 'I' @1080  3256 (0x00000cb8)
 - public static final 'GL_PIXEL_MAP_A_TO_A_SIZE' 'I' @1084  3257 (0x00000cb9)
 - public static final 'GL_UNPACK_SWAP_BYTES' 'I' @1088  3312 (0x00000cf0)
 - public static final 'GL_UNPACK_LSB_FIRST' 'I' @1092  3313 (0x00000cf1)
 - public static final 'GL_UNPACK_ROW_LENGTH' 'I' @1096  3314 (0x00000cf2)
 - public static final 'GL_UNPACK_SKIP_ROWS' 'I' @1100  3315 (0x00000cf3)
 - public static final 'GL_UNPACK_SKIP_PIXELS' 'I' @1104  3316 (0x00000cf4)
 - public static final 'GL_UNPACK_ALIGNMENT' 'I' @1108  3317 (0x00000cf5)
 - public static final 'GL_PACK_SWAP_BYTES' 'I' @1112  3328 (0x00000d00)
 - public static final 'GL_PACK_LSB_FIRST' 'I' @1116  3329 (0x00000d01)
 - public static final 'GL_PACK_ROW_LENGTH' 'I' @1120  3330 (0x00000d02)
 - public static final 'GL_PACK_SKIP_ROWS' 'I' @1124  3331 (0x00000d03)
 - public static final 'GL_PACK_SKIP_PIXELS' 'I' @1128  3332 (0x00000d04)
 - public static final 'GL_PACK_ALIGNMENT' 'I' @1132  3333 (0x00000d05)
 - public static final 'GL_MAP_COLOR' 'I' @1136  3344 (0x00000d10)
 - public static final 'GL_MAP_STENCIL' 'I' @1140  3345 (0x00000d11)
 - public static final 'GL_INDEX_SHIFT' 'I' @1144  3346 (0x00000d12)
 - public static final 'GL_INDEX_OFFSET' 'I' @1148  3347 (0x00000d13)
 - public static final 'GL_RED_SCALE' 'I' @1152  3348 (0x00000d14)
 - public static final 'GL_RED_BIAS' 'I' @1156  3349 (0x00000d15)
 - public static final 'GL_ZOOM_X' 'I' @1160  3350 (0x00000d16)
 - public static final 'GL_ZOOM_Y' 'I' @1164  3351 (0x00000d17)
 - public static final 'GL_GREEN_SCALE' 'I' @1168  3352 (0x00000d18)
 - public static final 'GL_GREEN_BIAS' 'I' @1172  3353 (0x00000d19)
 - public static final 'GL_BLUE_SCALE' 'I' @1176  3354 (0x00000d1a)
 - public static final 'GL_BLUE_BIAS' 'I' @1180  3355 (0x00000d1b)
 - public static final 'GL_ALPHA_SCALE' 'I' @1184  3356 (0x00000d1c)
 - public static final 'GL_ALPHA_BIAS' 'I' @1188  3357 (0x00000d1d)
 - public static final 'GL_DEPTH_SCALE' 'I' @1192  3358 (0x00000d1e)
 - public static final 'GL_DEPTH_BIAS' 'I' @1196  3359 (0x00000d1f)
 - public static final 'GL_MAX_EVAL_ORDER' 'I' @1200  3376 (0x00000d30)
 - public static final 'GL_MAX_LIGHTS' 'I' @1204  3377 (0x00000d31)
 - public static final 'GL_MAX_CLIP_PLANES' 'I' @1208  3378 (0x00000d32)
 - public static final 'GL_MAX_TEXTURE_SIZE' 'I' @1212  3379 (0x00000d33)
 - public static final 'GL_MAX_PIXEL_MAP_TABLE' 'I' @1216  3380 (0x00000d34)
 - public static final 'GL_MAX_ATTRIB_STACK_DEPTH' 'I' @1220  3381 (0x00000d35)
 - public static final 'GL_MAX_MODELVIEW_STACK_DEPTH' 'I' @1224  3382 (0x00000d36)
 - public static final 'GL_MAX_NAME_STACK_DEPTH' 'I' @1228  3383 (0x00000d37)
 - public static final 'GL_MAX_PROJECTION_STACK_DEPTH' 'I' @1232  3384 (0x00000d38)
 - public static final 'GL_MAX_TEXTURE_STACK_DEPTH' 'I' @1236  3385 (0x00000d39)
 - public static final 'GL_MAX_VIEWPORT_DIMS' 'I' @1240  3386 (0x00000d3a)
 - public static final 'GL_MAX_CLIENT_ATTRIB_STACK_DEPTH' 'I' @1244  3387 (0x00000d3b)
 - public static final 'GL_SUBPIXEL_BITS' 'I' @1248  3408 (0x00000d50)
 - public static final 'GL_INDEX_BITS' 'I' @1252  3409 (0x00000d51)
 - public static final 'GL_RED_BITS' 'I' @1256  3410 (0x00000d52)
 - public static final 'GL_GREEN_BITS' 'I' @1260  3411 (0x00000d53)
 - public static final 'GL_BLUE_BITS' 'I' @1264  3412 (0x00000d54)
 - public static final 'GL_ALPHA_BITS' 'I' @1268  3413 (0x00000d55)
 - public static final 'GL_DEPTH_BITS' 'I' @1272  3414 (0x00000d56)
 - public static final 'GL_STENCIL_BITS' 'I' @1276  3415 (0x00000d57)
 - public static final 'GL_ACCUM_RED_BITS' 'I' @1280  3416 (0x00000d58)
 - public static final 'GL_ACCUM_GREEN_BITS' 'I' @1284  3417 (0x00000d59)
 - public static final 'GL_ACCUM_BLUE_BITS' 'I' @1288  3418 (0x00000d5a)
 - public static final 'GL_ACCUM_ALPHA_BITS' 'I' @1292  3419 (0x00000d5b)
 - public static final 'GL_NAME_STACK_DEPTH' 'I' @1296  3440 (0x00000d70)
 - public static final 'GL_AUTO_NORMAL' 'I' @1300  3456 (0x00000d80)
 - public static final 'GL_MAP1_COLOR_4' 'I' @1304  3472 (0x00000d90)
 - public static final 'GL_MAP1_INDEX' 'I' @1308  3473 (0x00000d91)
 - public static final 'GL_MAP1_NORMAL' 'I' @1312  3474 (0x00000d92)
 - public static final 'GL_MAP1_TEXTURE_COORD_1' 'I' @1316  3475 (0x00000d93)
 - public static final 'GL_MAP1_TEXTURE_COORD_2' 'I' @1320  3476 (0x00000d94)
 - public static final 'GL_MAP1_TEXTURE_COORD_3' 'I' @1324  3477 (0x00000d95)
 - public static final 'GL_MAP1_TEXTURE_COORD_4' 'I' @1328  3478 (0x00000d96)
 - public static final 'GL_MAP1_VERTEX_3' 'I' @1332  3479 (0x00000d97)
 - public static final 'GL_MAP1_VERTEX_4' 'I' @1336  3480 (0x00000d98)
 - public static final 'GL_MAP2_COLOR_4' 'I' @1340  3504 (0x00000db0)
 - public static final 'GL_MAP2_INDEX' 'I' @1344  3505 (0x00000db1)
 - public static final 'GL_MAP2_NORMAL' 'I' @1348  3506 (0x00000db2)
 - public static final 'GL_MAP2_TEXTURE_COORD_1' 'I' @1352  3507 (0x00000db3)
 - public static final 'GL_MAP2_TEXTURE_COORD_2' 'I' @1356  3508 (0x00000db4)
 - public static final 'GL_MAP2_TEXTURE_COORD_3' 'I' @1360  3509 (0x00000db5)
 - public static final 'GL_MAP2_TEXTURE_COORD_4' 'I' @1364  3510 (0x00000db6)
 - public static final 'GL_MAP2_VERTEX_3' 'I' @1368  3511 (0x00000db7)
 - public static final 'GL_MAP2_VERTEX_4' 'I' @1372  3512 (0x00000db8)
 - public static final 'GL_MAP1_GRID_DOMAIN' 'I' @1376  3536 (0x00000dd0)
 - public static final 'GL_MAP1_GRID_SEGMENTS' 'I' @1380  3537 (0x00000dd1)
 - public static final 'GL_MAP2_GRID_DOMAIN' 'I' @1384  3538 (0x00000dd2)
 - public static final 'GL_MAP2_GRID_SEGMENTS' 'I' @1388  3539 (0x00000dd3)
 - public static final 'GL_TEXTURE_1D' 'I' @1392  3552 (0x00000de0)
 - public static final 'GL_TEXTURE_2D' 'I' @1396  3553 (0x00000de1)
 - public static final 'GL_FEEDBACK_BUFFER_POINTER' 'I' @1400  3568 (0x00000df0)
 - public static final 'GL_FEEDBACK_BUFFER_SIZE' 'I' @1404  3569 (0x00000df1)
 - public static final 'GL_FEEDBACK_BUFFER_TYPE' 'I' @1408  3570 (0x00000df2)
 - public static final 'GL_SELECTION_BUFFER_POINTER' 'I' @1412  3571 (0x00000df3)
 - public static final 'GL_SELECTION_BUFFER_SIZE' 'I' @1416  3572 (0x00000df4)
 - public static final 'GL_TEXTURE_WIDTH' 'I' @1420  4096 (0x00001000)
 - public static final 'GL_TEXTURE_HEIGHT' 'I' @1424  4097 (0x00001001)
 - public static final 'GL_TEXTURE_INTERNAL_FORMAT' 'I' @1428  4099 (0x00001003)
 - public static final 'GL_TEXTURE_COMPONENTS' 'I' @1432  4099 (0x00001003)
 - public static final 'GL_TEXTURE_BORDER_COLOR' 'I' @1436  4100 (0x00001004)
 - public static final 'GL_TEXTURE_BORDER' 'I' @1440  4101 (0x00001005)
 - public static final 'GL_DONT_CARE' 'I' @1444  4352 (0x00001100)
 - public static final 'GL_FASTEST' 'I' @1448  4353 (0x00001101)
 - public static final 'GL_NICEST' 'I' @1452  4354 (0x00001102)
 - public static final 'GL_LIGHT0' 'I' @1456  16384 (0x00004000)
 - public static final 'GL_LIGHT1' 'I' @1460  16385 (0x00004001)
 - public static final 'GL_LIGHT2' 'I' @1464  16386 (0x00004002)
 - public static final 'GL_LIGHT3' 'I' @1468  16387 (0x00004003)
 - public static final 'GL_LIGHT4' 'I' @1472  16388 (0x00004004)
 - public static final 'GL_LIGHT5' 'I' @1476  16389 (0x00004005)
 - public static final 'GL_LIGHT6' 'I' @1480  16390 (0x00004006)
 - public static final 'GL_LIGHT7' 'I' @1484  16391 (0x00004007)
 - public static final 'GL_AMBIENT' 'I' @1488  4608 (0x00001200)
 - public static final 'GL_DIFFUSE' 'I' @1492  4609 (0x00001201)
 - public static final 'GL_SPECULAR' 'I' @1496  4610 (0x00001202)
 - public static final 'GL_POSITION' 'I' @1500  4611 (0x00001203)
 - public static final 'GL_SPOT_DIRECTION' 'I' @1504  4612 (0x00001204)
 - public static final 'GL_SPOT_EXPONENT' 'I' @1508  4613 (0x00001205)
 - public static final 'GL_SPOT_CUTOFF' 'I' @1512  4614 (0x00001206)
 - public static final 'GL_CONSTANT_ATTENUATION' 'I' @1516  4615 (0x00001207)
 - public static final 'GL_LINEAR_ATTENUATION' 'I' @1520  4616 (0x00001208)
 - public static final 'GL_QUADRATIC_ATTENUATION' 'I' @1524  4617 (0x00001209)
 - public static final 'GL_COMPILE' 'I' @1528  4864 (0x00001300)
 - public static final 'GL_COMPILE_AND_EXECUTE' 'I' @1532  4865 (0x00001301)
 - public static final 'GL_CLEAR' 'I' @1536  5376 (0x00001500)
 - public static final 'GL_AND' 'I' @1540  5377 (0x00001501)
 - public static final 'GL_AND_REVERSE' 'I' @1544  5378 (0x00001502)
 - public static final 'GL_COPY' 'I' @1548  5379 (0x00001503)
 - public static final 'GL_AND_INVERTED' 'I' @1552  5380 (0x00001504)
 - public static final 'GL_NOOP' 'I' @1556  5381 (0x00001505)
 - public static final 'GL_XOR' 'I' @1560  5382 (0x00001506)
 - public static final 'GL_OR' 'I' @1564  5383 (0x00001507)
 - public static final 'GL_NOR' 'I' @1568  5384 (0x00001508)
 - public static final 'GL_EQUIV' 'I' @1572  5385 (0x00001509)
 - public static final 'GL_INVERT' 'I' @1576  5386 (0x0000150a)
 - public static final 'GL_OR_REVERSE' 'I' @1580  5387 (0x0000150b)
 - public static final 'GL_COPY_INVERTED' 'I' @1584  5388 (0x0000150c)
 - public static final 'GL_OR_INVERTED' 'I' @1588  5389 (0x0000150d)
 - public static final 'GL_NAND' 'I' @1592  5390 (0x0000150e)
 - public static final 'GL_SET' 'I' @1596  5391 (0x0000150f)
 - public static final 'GL_EMISSION' 'I' @1600  5632 (0x00001600)
 - public static final 'GL_SHININESS' 'I' @1604  5633 (0x00001601)
 - public static final 'GL_AMBIENT_AND_DIFFUSE' 'I' @1608  5634 (0x00001602)
 - public static final 'GL_COLOR_INDEXES' 'I' @1612  5635 (0x00001603)
 - public static final 'GL_MODELVIEW' 'I' @1616  5888 (0x00001700)
 - public static final 'GL_PROJECTION' 'I' @1620  5889 (0x00001701)
 - public static final 'GL_TEXTURE' 'I' @1624  5890 (0x00001702)
 - public static final 'GL_COLOR' 'I' @1628  6144 (0x00001800)
 - public static final 'GL_DEPTH' 'I' @1632  6145 (0x00001801)
 - public static final 'GL_STENCIL' 'I' @1636  6146 (0x00001802)
 - public static final 'GL_COLOR_INDEX' 'I' @1640  6400 (0x00001900)
 - public static final 'GL_STENCIL_INDEX' 'I' @1644  6401 (0x00001901)
 - public static final 'GL_DEPTH_COMPONENT' 'I' @1648  6402 (0x00001902)
 - public static final 'GL_RED' 'I' @1652  6403 (0x00001903)
 - public static final 'GL_GREEN' 'I' @1656  6404 (0x00001904)
 - public static final 'GL_BLUE' 'I' @1660  6405 (0x00001905)
 - public static final 'GL_ALPHA' 'I' @1664  6406 (0x00001906)
 - public static final 'GL_RGB' 'I' @1668  6407 (0x00001907)
 - public static final 'GL_RGBA' 'I' @1672  6408 (0x00001908)
 - public static final 'GL_LUMINANCE' 'I' @1676  6409 (0x00001909)
 - public static final 'GL_LUMINANCE_ALPHA' 'I' @1680  6410 (0x0000190a)
 - public static final 'GL_BITMAP' 'I' @1684  6656 (0x00001a00)
 - public static final 'GL_POINT' 'I' @1688  6912 (0x00001b00)
 - public static final 'GL_LINE' 'I' @1692  6913 (0x00001b01)
 - public static final 'GL_FILL' 'I' @1696  6914 (0x00001b02)
 - public static final 'GL_RENDER' 'I' @1700  7168 (0x00001c00)
 - public static final 'GL_FEEDBACK' 'I' @1704  7169 (0x00001c01)
 - public static final 'GL_SELECT' 'I' @1708  7170 (0x00001c02)
 - public static final 'GL_FLAT' 'I' @1712  7424 (0x00001d00)
 - public static final 'GL_SMOOTH' 'I' @1716  7425 (0x00001d01)
 - public static final 'GL_KEEP' 'I' @1720  7680 (0x00001e00)
 - public static final 'GL_REPLACE' 'I' @1724  7681 (0x00001e01)
 - public static final 'GL_INCR' 'I' @1728  7682 (0x00001e02)
 - public static final 'GL_DECR' 'I' @1732  7683 (0x00001e03)
 - public static final 'GL_VENDOR' 'I' @1736  7936 (0x00001f00)
 - public static final 'GL_RENDERER' 'I' @1740  7937 (0x00001f01)
 - public static final 'GL_VERSION' 'I' @1744  7938 (0x00001f02)
 - public static final 'GL_EXTENSIONS' 'I' @1748  7939 (0x00001f03)
 - public static final 'GL_S' 'I' @1752  8192 (0x00002000)
 - public static final 'GL_T' 'I' @1756  8193 (0x00002001)
 - public static final 'GL_R' 'I' @1760  8194 (0x00002002)
 - public static final 'GL_Q' 'I' @1764  8195 (0x00002003)
 - public static final 'GL_MODULATE' 'I' @1768  8448 (0x00002100)
 - public static final 'GL_DECAL' 'I' @1772  8449 (0x00002101)
 - public static final 'GL_TEXTURE_ENV_MODE' 'I' @1776  8704 (0x00002200)
 - public static final 'GL_TEXTURE_ENV_COLOR' 'I' @1780  8705 (0x00002201)
 - public static final 'GL_TEXTURE_ENV' 'I' @1784  8960 (0x00002300)
 - public static final 'GL_EYE_LINEAR' 'I' @1788  9216 (0x00002400)
 - public static final 'GL_OBJECT_LINEAR' 'I' @1792  9217 (0x00002401)
 - public static final 'GL_SPHERE_MAP' 'I' @1796  9218 (0x00002402)
 - public static final 'GL_TEXTURE_GEN_MODE' 'I' @1800  9472 (0x00002500)
 - public static final 'GL_OBJECT_PLANE' 'I' @1804  9473 (0x00002501)
 - public static final 'GL_EYE_PLANE' 'I' @1808  9474 (0x00002502)
 - public static final 'GL_NEAREST' 'I' @1812  9728 (0x00002600)
 - public static final 'GL_LINEAR' 'I' @1816  9729 (0x00002601)
 - public static final 'GL_NEAREST_MIPMAP_NEAREST' 'I' @1820  9984 (0x00002700)
 - public static final 'GL_LINEAR_MIPMAP_NEAREST' 'I' @1824  9985 (0x00002701)
 - public static final 'GL_NEAREST_MIPMAP_LINEAR' 'I' @1828  9986 (0x00002702)
 - public static final 'GL_LINEAR_MIPMAP_LINEAR' 'I' @1832  9987 (0x00002703)
 - public static final 'GL_TEXTURE_MAG_FILTER' 'I' @1836  10240 (0x00002800)
 - public static final 'GL_TEXTURE_MIN_FILTER' 'I' @1840  10241 (0x00002801)
 - public static final 'GL_TEXTURE_WRAP_S' 'I' @1844  10242 (0x00002802)
 - public static final 'GL_TEXTURE_WRAP_T' 'I' @1848  10243 (0x00002803)
 - public static final 'GL_CLAMP' 'I' @1852  10496 (0x00002900)
 - public static final 'GL_REPEAT' 'I' @1856  10497 (0x00002901)
 - public static final 'GL_CLIENT_PIXEL_STORE_BIT' 'I' @1860  1 (0x00000001)
 - public static final 'GL_CLIENT_VERTEX_ARRAY_BIT' 'I' @1864  2 (0x00000002)
 - public static final 'GL_CLIENT_ALL_ATTRIB_BITS' 'I' @1868  -1 (0xffffffff)
 - public static final 'GL_POLYGON_OFFSET_FACTOR' 'I' @1872  32824 (0x00008038)
 - public static final 'GL_POLYGON_OFFSET_UNITS' 'I' @1876  10752 (0x00002a00)
 - public static final 'GL_POLYGON_OFFSET_POINT' 'I' @1880  10753 (0x00002a01)
 - public static final 'GL_POLYGON_OFFSET_LINE' 'I' @1884  10754 (0x00002a02)
 - public static final 'GL_POLYGON_OFFSET_FILL' 'I' @1888  32823 (0x00008037)
 - public static final 'GL_ALPHA4' 'I' @1892  32827 (0x0000803b)
 - public static final 'GL_ALPHA8' 'I' @1896  32828 (0x0000803c)
 - public static final 'GL_ALPHA12' 'I' @1900  32829 (0x0000803d)
 - public static final 'GL_ALPHA16' 'I' @1904  32830 (0x0000803e)
 - public static final 'GL_LUMINANCE4' 'I' @1908  32831 (0x0000803f)
 - public static final 'GL_LUMINANCE8' 'I' @1912  32832 (0x00008040)
 - public static final 'GL_LUMINANCE12' 'I' @1916  32833 (0x00008041)
 - public static final 'GL_LUMINANCE16' 'I' @1920  32834 (0x00008042)
 - public static final 'GL_LUMINANCE4_ALPHA4' 'I' @1924  32835 (0x00008043)
 - public static final 'GL_LUMINANCE6_ALPHA2' 'I' @1928  32836 (0x00008044)
 - public static final 'GL_LUMINANCE8_ALPHA8' 'I' @1932  32837 (0x00008045)
 - public static final 'GL_LUMINANCE12_ALPHA4' 'I' @1936  32838 (0x00008046)
 - public static final 'GL_LUMINANCE12_ALPHA12' 'I' @1940  32839 (0x00008047)
 - public static final 'GL_LUMINANCE16_ALPHA16' 'I' @1944  32840 (0x00008048)
 - public static final 'GL_INTENSITY' 'I' @1948  32841 (0x00008049)
 - public static final 'GL_INTENSITY4' 'I' @1952  32842 (0x0000804a)
 - public static final 'GL_INTENSITY8' 'I' @1956  32843 (0x0000804b)
 - public static final 'GL_INTENSITY12' 'I' @1960  32844 (0x0000804c)
 - public static final 'GL_INTENSITY16' 'I' @1964  32845 (0x0000804d)
 - public static final 'GL_R3_G3_B2' 'I' @1968  10768 (0x00002a10)
 - public static final 'GL_RGB4' 'I' @1972  32847 (0x0000804f)
 - public static final 'GL_RGB5' 'I' @1976  32848 (0x00008050)
 - public static final 'GL_RGB8' 'I' @1980  32849 (0x00008051)
 - public static final 'GL_RGB10' 'I' @1984  32850 (0x00008052)
 - public static final 'GL_RGB12' 'I' @1988  32851 (0x00008053)
 - public static final 'GL_RGB16' 'I' @1992  32852 (0x00008054)
 - public static final 'GL_RGBA2' 'I' @1996  32853 (0x00008055)
 - public static final 'GL_RGBA4' 'I' @2000  32854 (0x00008056)
 - public static final 'GL_RGB5_A1' 'I' @2004  32855 (0x00008057)
 - public static final 'GL_RGBA8' 'I' @2008  32856 (0x00008058)
 - public static final 'GL_RGB10_A2' 'I' @2012  32857 (0x00008059)
 - public static final 'GL_RGBA12' 'I' @2016  32858 (0x0000805a)
 - public static final 'GL_RGBA16' 'I' @2020  32859 (0x0000805b)
 - public static final 'GL_TEXTURE_RED_SIZE' 'I' @2024  32860 (0x0000805c)
 - public static final 'GL_TEXTURE_GREEN_SIZE' 'I' @2028  32861 (0x0000805d)
 - public static final 'GL_TEXTURE_BLUE_SIZE' 'I' @2032  32862 (0x0000805e)
 - public static final 'GL_TEXTURE_ALPHA_SIZE' 'I' @2036  32863 (0x0000805f)
 - public static final 'GL_TEXTURE_LUMINANCE_SIZE' 'I' @2040  32864 (0x00008060)
 - public static final 'GL_TEXTURE_INTENSITY_SIZE' 'I' @2044  32865 (0x00008061)
 - public static final 'GL_PROXY_TEXTURE_1D' 'I' @2048  32867 (0x00008063)
 - public static final 'GL_PROXY_TEXTURE_2D' 'I' @2052  32868 (0x00008064)
 - public static final 'GL_TEXTURE_PRIORITY' 'I' @2056  32870 (0x00008066)
 - public static final 'GL_TEXTURE_RESIDENT' 'I' @2060  32871 (0x00008067)
 - public static final 'GL_TEXTURE_BINDING_1D' 'I' @2064  32872 (0x00008068)
 - public static final 'GL_TEXTURE_BINDING_2D' 'I' @2068  32873 (0x00008069)
 - public static final 'GL_VERTEX_ARRAY' 'I' @2072  32884 (0x00008074)
 - public static final 'GL_NORMAL_ARRAY' 'I' @2076  32885 (0x00008075)
 - public static final 'GL_COLOR_ARRAY' 'I' @2080  32886 (0x00008076)
 - public static final 'GL_INDEX_ARRAY' 'I' @2084  32887 (0x00008077)
 - public static final 'GL_TEXTURE_COORD_ARRAY' 'I' @2088  32888 (0x00008078)
 - public static final 'GL_EDGE_FLAG_ARRAY' 'I' @2092  32889 (0x00008079)
 - public static final 'GL_VERTEX_ARRAY_SIZE' 'I' @2096  32890 (0x0000807a)
 - public static final 'GL_VERTEX_ARRAY_TYPE' 'I' @2100  32891 (0x0000807b)
 - public static final 'GL_VERTEX_ARRAY_STRIDE' 'I' @2104  32892 (0x0000807c)
 - public static final 'GL_NORMAL_ARRAY_TYPE' 'I' @2108  32894 (0x0000807e)
 - public static final 'GL_NORMAL_ARRAY_STRIDE' 'I' @2112  32895 (0x0000807f)
 - public static final 'GL_COLOR_ARRAY_SIZE' 'I' @2116  32897 (0x00008081)
 - public static final 'GL_COLOR_ARRAY_TYPE' 'I' @2120  32898 (0x00008082)
 - public static final 'GL_COLOR_ARRAY_STRIDE' 'I' @2124  32899 (0x00008083)
 - public static final 'GL_INDEX_ARRAY_TYPE' 'I' @2128  32901 (0x00008085)
 - public static final 'GL_INDEX_ARRAY_STRIDE' 'I' @2132  32902 (0x00008086)
 - public static final 'GL_TEXTURE_COORD_ARRAY_SIZE' 'I' @2136  32904 (0x00008088)
 - public static final 'GL_TEXTURE_COORD_ARRAY_TYPE' 'I' @2140  32905 (0x00008089)
 - public static final 'GL_TEXTURE_COORD_ARRAY_STRIDE' 'I' @2144  32906 (0x0000808a)
 - public static final 'GL_EDGE_FLAG_ARRAY_STRIDE' 'I' @2148  32908 (0x0000808c)
 - public static final 'GL_VERTEX_ARRAY_POINTER' 'I' @2152  32910 (0x0000808e)
 - public static final 'GL_NORMAL_ARRAY_POINTER' 'I' @2156  32911 (0x0000808f)
 - public static final 'GL_COLOR_ARRAY_POINTER' 'I' @2160  32912 (0x00008090)
 - public static final 'GL_INDEX_ARRAY_POINTER' 'I' @2164  32913 (0x00008091)
 - public static final 'GL_TEXTURE_COORD_ARRAY_POINTER' 'I' @2168  32914 (0x00008092)
 - public static final 'GL_EDGE_FLAG_ARRAY_POINTER' 'I' @2172  32915 (0x00008093)
 - public static final 'GL_V2F' 'I' @2176  10784 (0x00002a20)
 - public static final 'GL_V3F' 'I' @2180  10785 (0x00002a21)
 - public static final 'GL_C4UB_V2F' 'I' @2184  10786 (0x00002a22)
 - public static final 'GL_C4UB_V3F' 'I' @2188  10787 (0x00002a23)
 - public static final 'GL_C3F_V3F' 'I' @2192  10788 (0x00002a24)
 - public static final 'GL_N3F_V3F' 'I' @2196  10789 (0x00002a25)
 - public static final 'GL_C4F_N3F_V3F' 'I' @2200  10790 (0x00002a26)
 - public static final 'GL_T2F_V3F' 'I' @2204  10791 (0x00002a27)
 - public static final 'GL_T4F_V4F' 'I' @2208  10792 (0x00002a28)
 - public static final 'GL_T2F_C4UB_V3F' 'I' @2212  10793 (0x00002a29)
 - public static final 'GL_T2F_C3F_V3F' 'I' @2216  10794 (0x00002a2a)
 - public static final 'GL_T2F_N3F_V3F' 'I' @2220  10795 (0x00002a2b)
 - public static final 'GL_T2F_C4F_N3F_V3F' 'I' @2224  10796 (0x00002a2c)
 - public static final 'GL_T4F_C4F_N3F_V4F' 'I' @2228  10797 (0x00002a2d)
R12=0x0 is null
R13=0x0000020c2f57c0e8 is pointing into metadata
R14=0x00000061375ff660 is pointing into the stack for thread: 0x0000020c06a1b650
R15=0x0000020c06a1b650 is a thread

Top of Stack: (sp=0x00000061375ff5c8)
0x00000061375ff5c8:   0000020c18e5d2b3 3ff0000000000000   ...............?
0x00000061375ff5d8:   0000020c2f57c0f0 0000020c2f16e7a8   ..W/......./....
0x00000061375ff5e8:   00000061375ff738 0000020c18e5cf8b   8._7a...........
0x00000061375ff5f8:   fffffffffffffff7 0000020c2f57c0e8   ..........W/....
0x00000061375ff608:   0000000000000004 0000020c2f59c058   ........X.Y/....
0x00000061375ff618:   0000000000000000 000000062d956fe0   .........o.-....
0x00000061375ff628:   0000020c2f57c0f0 0000000000000000   ..W/............
0x00000061375ff638:   00000061375ff660 00000061375ff6b0   `._7a....._7a...
0x00000061375ff648:   0000020c18e58b18 000000062d956fe0   .........o.-....
0x00000061375ff658:   0000020c18e5a757 0000000000001701   W...............
0x00000061375ff668:   fffffffffffffff7 0000020c2f4f850b   ..........O/....
0x00000061375ff678:   0000000000000004 0000020c2f4fc7f0   ..........O/....
0x00000061375ff688:   0000000000000000 000000062d872138   ........8!.-....
0x00000061375ff698:   0000020c2f4f85a8 fffffffffffffff6   ..O/............
0x00000061375ff6a8:   00000061375ff6d8 00000061375ff720   .._7a... ._7a...
0x00000061375ff6b8:   0000020c18e58b18 0000000000000000   ................
0x00000061375ff6c8:   0000000000000000 0000000000000000   ................
0x00000061375ff6d8:   fffffffffffffff7 0000020c2f4f8a88   ..........O/....
0x00000061375ff6e8:   0000000000000003 0000020c2f4fc7f0   ..........O/....
0x00000061375ff6f8:   0000000000000000 000000062d872138   ........8!.-....
0x00000061375ff708:   0000020c2f4f8aa8 fffffffffffffff7   ..O/............
0x00000061375ff718:   00000061375ff730 00000061375ff788   0._7a....._7a...
0x00000061375ff728:   0000020c18e58b18 0000020c33576b40   ........@kW3....
0x00000061375ff738:   0000000000000000 fffffffffffffff7   ................
0x00000061375ff748:   0000020c2f400ec5 0000000000000004   ..@/............
0x00000061375ff758:   0000020c2f406bc0 0000000000000000   .k@/............
0x00000061375ff768:   000000062e0239a0 0000020c2f401090   .9........@/....
0x00000061375ff778:   fffffffffffffff5 00000061375ff7a8   .........._7a...
0x00000061375ff788:   00000061375ff7f8 0000020c18e58b18   .._7a...........
0x00000061375ff798:   0000000000000000 000000062d86f3a0   ...........-....
0x00000061375ff7a8:   000000062e06f938 fffffffffffffff7   8...............
0x00000061375ff7b8:   0000020c2f40113f 0000000000000003   ?.@/............

Instructions: (pc=0x00007ffedef2b2ba)
  0x00007ffedef2b1ba:   24 38 f3 0f 10 44 24 40 44 8b 4c 24 30 48 8b 50
  0x00007ffedef2b1ca:   18 f3 0f 10 54 24 28 f3 0f 11 44 24 30 f3 0f 11
  0x00007ffedef2b1da:   4c 24 28 0f 28 cb 48 ff a2 10 05 00 00 cc cc cc
  0x00007ffedef2b1ea:   cc cc cc cc cc cc 48 8b 01 41 8b c8 f2 0f 10 4c
  0x00007ffedef2b1fa:   24 38 f2 0f 10 44 24 40 44 8b 4c 24 30 48 8b 50
  0x00007ffedef2b20a:   18 f2 0f 10 54 24 28 f2 0f 11 44 24 30 f2 0f 11
  0x00007ffedef2b21a:   4c 24 28 0f 28 cb 48 ff a2 18 05 00 00 cc cc cc
  0x00007ffedef2b22a:   cc cc cc cc cc cc 48 8b 01 45 8b d8 44 8b 44 24
  0x00007ffedef2b23a:   28 41 8b d1 41 8b cb 4c 8b 50 18 49 ff a2 20 05
  0x00007ffedef2b24a:   00 00 cc cc cc cc 48 8b 01 41 8b d1 f3 0f 10 54
  0x00007ffedef2b25a:   24 28 41 8b c8 4c 8b 50 18 49 ff a2 28 05 00 00
  0x00007ffedef2b26a:   cc cc cc cc cc cc 48 8b 01 45 8b d8 4c 8b 44 24
  0x00007ffedef2b27a:   28 41 8b d1 41 8b cb 4c 8b 50 18 49 ff a2 30 05
  0x00007ffedef2b28a:   00 00 cc cc cc cc 48 8b 01 45 8b d8 4c 8b 44 24
  0x00007ffedef2b29a:   28 41 8b d1 41 8b cb 4c 8b 50 18 49 ff a2 38 05
  0x00007ffedef2b2aa:   00 00 cc cc cc cc 48 8b 01 41 8b c8 48 8b 50 18
=>0x00007ffedef2b2ba:   48 ff a2 40 05 00 00 cc cc cc cc cc cc cc cc cc
  0x00007ffedef2b2ca:   cc cc cc cc cc cc 48 8b 01 49 8b c8 48 8b 50 18
  0x00007ffedef2b2da:   48 ff a2 48 05 00 00 cc cc cc cc cc cc cc cc cc
  0x00007ffedef2b2ea:   cc cc cc cc cc cc 48 8b 01 49 8b c8 48 8b 50 18
  0x00007ffedef2b2fa:   48 ff a2 50 05 00 00 cc cc cc cc cc cc cc cc cc
  0x00007ffedef2b30a:   cc cc cc cc cc cc f2 0f 10 44 24 40 0f 28 e3 f2
  0x00007ffedef2b31a:   0f 10 4c 24 38 0f 28 ea 48 8b 01 f2 0f 10 5c 24
  0x00007ffedef2b32a:   30 f2 0f 10 54 24 28 f2 0f 11 44 24 30 0f 28 c5
  0x00007ffedef2b33a:   48 8b 48 18 f2 0f 11 4c 24 28 0f 28 cc 48 ff a1
  0x00007ffedef2b34a:   58 05 00 00 cc cc 48 8b 01 41 8b d1 41 8b c8 4c
  0x00007ffedef2b35a:   8b 50 18 49 ff a2 60 05 00 00 cc cc cc cc cc cc
  0x00007ffedef2b36a:   cc cc cc cc cc cc 48 8b 01 48 8b 48 18 48 ff a1
  0x00007ffedef2b37a:   68 05 00 00 cc cc 48 8b 01 0f 28 c2 f3 0f 10 54
  0x00007ffedef2b38a:   24 28 0f 28 cb 48 8b 48 18 48 ff a1 70 05 00 00
  0x00007ffedef2b39a:   cc cc cc cc cc cc 48 8b 01 45 0f b6 d8 44 0f b6
  0x00007ffedef2b3aa:   44 24 28 41 0f b6 d1 41 0f b6 cb 4c 8b 50 18 49


Stack slot to memory mapping:

stack at sp + 0 slots: 0x0000020c18e5d2b3 is at code_begin+979 in an Interpreter codelet
native method entry point (kind = native)  [0x0000020c18e5cee0, 0x0000020c18e5dae0]  3072 bytes
stack at sp + 1 slots: 0x3ff0000000000000 is an unknown value
stack at sp + 2 slots: {method} {0x0000020c2f57c0f8} 'glMatrixMode' '(I)V' in 'org/lwjgl/opengl/GL11'
stack at sp + 3 slots: 0x0000020c2f16e7a8 is pointing into metadata
stack at sp + 4 slots: 0x00000061375ff738 is pointing into the stack for thread: 0x0000020c06a1b650
stack at sp + 5 slots: 0x0000020c18e5cf8b is at code_begin+171 in an Interpreter codelet
native method entry point (kind = native)  [0x0000020c18e5cee0, 0x0000020c18e5dae0]  3072 bytes
stack at sp + 6 slots: 0xfffffffffffffff7 is an unknown value
stack at sp + 7 slots: 0x0000020c2f57c0e8 is pointing into metadata

Lock stack of current Java thread (top to bottom):


---------------  P R O C E S S  ---------------

Threads class SMR info:
_java_thread_list=0x0000020c334dc1f0, length=14, elements={
0x0000020c06a1b650, 0x0000020c2b7b1140, 0x0000020c2b7b1a50, 0x0000020c2b7b3f20,
0x0000020c2b7b8170, 0x0000020c2b7b98a0, 0x0000020c2b7bd110, 0x0000020c2b7bf6e0,
0x0000020c2b7c0680, 0x0000020c2e672550, 0x0000020c2e67ad40, 0x0000020c2e6845d0,
0x0000020c2e68d3f0, 0x0000020c33510700
}

Java Threads: ( => current thread )
=>0x0000020c06a1b650 JavaThread "main"                              [_thread_in_native, id=2860, stack(0x0000006137500000,0x0000006137600000) (1024K)]
  0x0000020c2b7b1140 JavaThread "Reference Handler"          daemon [_thread_blocked, id=15696, stack(0x0000006137d00000,0x0000006137e00000) (1024K)]
  0x0000020c2b7b1a50 JavaThread "Finalizer"                  daemon [_thread_blocked, id=20676, stack(0x0000006137e00000,0x0000006137f00000) (1024K)]
  0x0000020c2b7b3f20 JavaThread "Signal Dispatcher"          daemon [_thread_blocked, id=12936, stack(0x0000006137f00000,0x0000006138000000) (1024K)]
  0x0000020c2b7b8170 JavaThread "Attach Listener"            daemon [_thread_blocked, id=22752, stack(0x0000006138000000,0x0000006138100000) (1024K)]
  0x0000020c2b7b98a0 JavaThread "Service Thread"             daemon [_thread_blocked, id=6956, stack(0x0000006138100000,0x0000006138200000) (1024K)]
  0x0000020c2b7bd110 JavaThread "Monitor Deflation Thread"   daemon [_thread_blocked, id=16064, stack(0x0000006138200000,0x0000006138300000) (1024K)]
  0x0000020c2b7bf6e0 JavaThread "C2 CompilerThread0"         daemon [_thread_blocked, id=7832, stack(0x0000006138300000,0x0000006138400000) (1024K)]
  0x0000020c2b7c0680 JavaThread "C1 CompilerThread0"         daemon [_thread_blocked, id=19808, stack(0x0000006138400000,0x0000006138500000) (1024K)]
  0x0000020c2e672550 JavaThread "Notification Thread"        daemon [_thread_blocked, id=7856, stack(0x0000006138500000,0x0000006138600000) (1024K)]
  0x0000020c2e67ad40 JavaThread "Common-Cleaner"             daemon [_thread_blocked, id=1972, stack(0x0000006138600000,0x0000006138700000) (1024K)]
  0x0000020c2e6845d0 JavaThread "C1 CompilerThread1"         daemon [_thread_blocked, id=18504, stack(0x0000006138700000,0x0000006138800000) (1024K)]
  0x0000020c2e68d3f0 JavaThread "C1 CompilerThread2"         daemon [_thread_blocked, id=29404, stack(0x0000006138800000,0x0000006138900000) (1024K)]
  0x0000020c33510700 JavaThread "C1 CompilerThread3"         daemon [_thread_blocked, id=22792, stack(0x0000006138900000,0x0000006138a00000) (1024K)]
Total: 14

Other Threads:
  0x0000020c2b79b530 VMThread "VM Thread"                           [id=21488, stack(0x0000006137c00000,0x0000006137d00000) (1024K)]
  0x0000020c2b663310 WatcherThread "VM Periodic Task Thread"        [id=7324, stack(0x0000006137b00000,0x0000006137c00000) (1024K)]
  0x0000020c074d5880 WorkerThread "GC Thread#0"                     [id=20452, stack(0x0000006137600000,0x0000006137700000) (1024K)]
  0x0000020c074de560 ConcurrentGCThread "G1 Main Marker"            [id=26592, stack(0x0000006137700000,0x0000006137800000) (1024K)]
  0x0000020c2b5e1110 WorkerThread "G1 Conc#0"                       [id=8660, stack(0x0000006137800000,0x0000006137900000) (1024K)]
  0x0000020c2b650b60 ConcurrentGCThread "G1 Refine#0"               [id=8260, stack(0x0000006137900000,0x0000006137a00000) (1024K)]
  0x0000020c2b651770 ConcurrentGCThread "G1 Service"                [id=28172, stack(0x0000006137a00000,0x0000006137b00000) (1024K)]
Total: 7

Threads with active compile tasks:
Total: 0

VM state: not at safepoint (normal execution)

VM Mutex/Monitor currently owned by a thread: None

Heap address: 0x000000060f000000, size: 7952 MB, Compressed Oops mode: Zero based, Oop shift amount: 3

CDS archive(s) mapped at: [0x0000000022000000-0x0000000022dd0000-0x0000000022dd0000), size 14483456, SharedBaseAddress: 0x0000000022000000, ArchiveRelocationMode: 1.
Compressed class space mapped at: 0x0000000023000000-0x0000000063000000, reserved size: 1073741824
UseCompressedClassPointers 1, UseCompactObjectHeaders 0
Narrow klass pointer bits 32, Max shift 3
Narrow klass base: 0x0000000022000000, Narrow klass shift: 0
Encoding Range: [0x0000000022000000 - 0x0000000122000000), (4294967296 bytes)
Klass Range:    [0x0000000022010000 - 0x0000000063000000), (1090453504 bytes)
Klass ID Range:  [65536 - 1090519033) (1090453497)
Protection zone: [0x0000000022000000 - 0x0000000022010000), (65536 bytes)

GC Precious Log:
 CardTable entry size: 512
 Card Set container configuration: InlinePtr #cards 4 size 8 Array Of Cards #cards 32 size 80 Howl #buckets 8 coarsen threshold 7372 Howl Bitmap #cards 1024 size 144 coarsen threshold 921 Card regions per heap region 1 cards per card region 8192
 CPUs: 16 total, 16 available
 Memory: 31801M
 Large Page Support: Disabled
 NUMA Support: Disabled
 Compressed Oops: Enabled (Zero based)
 Heap Region Size: 4M
 Heap Min Capacity: 8M
 Heap Initial Capacity: 500M
 Heap Max Capacity: 7952M
 Pre-touch: Disabled
 Parallel Workers: 13
 Concurrent Workers: 3
 Concurrent Refinement Workers: 13
 Periodic GC: Disabled

Heap:
 garbage-first heap   total reserved 8142848K, committed 516096K, used 9365K [0x000000060f000000, 0x0000000800000000)
  region size 4096K, 3 young (12288K), 0 survivors (0K)

Heap Regions: E=young(eden), S=young(survivor), O=old, HS=humongous(starts), HC=humongous(continues), CS=collection set, F=free, TAMS=top-at-mark-start, PB=parsable bottom
|   0|0x000000060f000000, 0x000000060f000000, 0x000000060f400000|  0%| F|  |TAMS 0x000000060f000000| PB 0x000000060f000000| Untracked |  0
|   1|0x000000060f400000, 0x000000060f400000, 0x000000060f800000|  0%| F|  |TAMS 0x000000060f400000| PB 0x000000060f400000| Untracked |  0
|   2|0x000000060f800000, 0x000000060f800000, 0x000000060fc00000|  0%| F|  |TAMS 0x000000060f800000| PB 0x000000060f800000| Untracked |  0
|   3|0x000000060fc00000, 0x000000060fc00000, 0x0000000610000000|  0%| F|  |TAMS 0x000000060fc00000| PB 0x000000060fc00000| Untracked |  0
|   4|0x0000000610000000, 0x0000000610000000, 0x0000000610400000|  0%| F|  |TAMS 0x0000000610000000| PB 0x0000000610000000| Untracked |  0
|   5|0x0000000610400000, 0x0000000610400000, 0x0000000610800000|  0%| F|  |TAMS 0x0000000610400000| PB 0x0000000610400000| Untracked |  0
|   6|0x0000000610800000, 0x0000000610800000, 0x0000000610c00000|  0%| F|  |TAMS 0x0000000610800000| PB 0x0000000610800000| Untracked |  0
|   7|0x0000000610c00000, 0x0000000610c00000, 0x0000000611000000|  0%| F|  |TAMS 0x0000000610c00000| PB 0x0000000610c00000| Untracked |  0
|   8|0x0000000611000000, 0x0000000611000000, 0x0000000611400000|  0%| F|  |TAMS 0x0000000611000000| PB 0x0000000611000000| Untracked |  0
|   9|0x0000000611400000, 0x0000000611400000, 0x0000000611800000|  0%| F|  |TAMS 0x0000000611400000| PB 0x0000000611400000| Untracked |  0
|  10|0x0000000611800000, 0x0000000611800000, 0x0000000611c00000|  0%| F|  |TAMS 0x0000000611800000| PB 0x0000000611800000| Untracked |  0
|  11|0x0000000611c00000, 0x0000000611c00000, 0x0000000612000000|  0%| F|  |TAMS 0x0000000611c00000| PB 0x0000000611c00000| Untracked |  0
|  12|0x0000000612000000, 0x0000000612000000, 0x0000000612400000|  0%| F|  |TAMS 0x0000000612000000| PB 0x0000000612000000| Untracked |  0
|  13|0x0000000612400000, 0x0000000612400000, 0x0000000612800000|  0%| F|  |TAMS 0x0000000612400000| PB 0x0000000612400000| Untracked |  0
|  14|0x0000000612800000, 0x0000000612800000, 0x0000000612c00000|  0%| F|  |TAMS 0x0000000612800000| PB 0x0000000612800000| Untracked |  0
|  15|0x0000000612c00000, 0x0000000612c00000, 0x0000000613000000|  0%| F|  |TAMS 0x0000000612c00000| PB 0x0000000612c00000| Untracked |  0
|  16|0x0000000613000000, 0x0000000613000000, 0x0000000613400000|  0%| F|  |TAMS 0x0000000613000000| PB 0x0000000613000000| Untracked |  0
|  17|0x0000000613400000, 0x0000000613400000, 0x0000000613800000|  0%| F|  |TAMS 0x0000000613400000| PB 0x0000000613400000| Untracked |  0
|  18|0x0000000613800000, 0x0000000613800000, 0x0000000613c00000|  0%| F|  |TAMS 0x0000000613800000| PB 0x0000000613800000| Untracked |  0
|  19|0x0000000613c00000, 0x0000000613c00000, 0x0000000614000000|  0%| F|  |TAMS 0x0000000613c00000| PB 0x0000000613c00000| Untracked |  0
|  20|0x0000000614000000, 0x0000000614000000, 0x0000000614400000|  0%| F|  |TAMS 0x0000000614000000| PB 0x0000000614000000| Untracked |  0
|  21|0x0000000614400000, 0x0000000614400000, 0x0000000614800000|  0%| F|  |TAMS 0x0000000614400000| PB 0x0000000614400000| Untracked |  0
|  22|0x0000000614800000, 0x0000000614800000, 0x0000000614c00000|  0%| F|  |TAMS 0x0000000614800000| PB 0x0000000614800000| Untracked |  0
|  23|0x0000000614c00000, 0x0000000614c00000, 0x0000000615000000|  0%| F|  |TAMS 0x0000000614c00000| PB 0x0000000614c00000| Untracked |  0
|  24|0x0000000615000000, 0x0000000615000000, 0x0000000615400000|  0%| F|  |TAMS 0x0000000615000000| PB 0x0000000615000000| Untracked |  0
|  25|0x0000000615400000, 0x0000000615400000, 0x0000000615800000|  0%| F|  |TAMS 0x0000000615400000| PB 0x0000000615400000| Untracked |  0
|  26|0x0000000615800000, 0x0000000615800000, 0x0000000615c00000|  0%| F|  |TAMS 0x0000000615800000| PB 0x0000000615800000| Untracked |  0
|  27|0x0000000615c00000, 0x0000000615c00000, 0x0000000616000000|  0%| F|  |TAMS 0x0000000615c00000| PB 0x0000000615c00000| Untracked |  0
|  28|0x0000000616000000, 0x0000000616000000, 0x0000000616400000|  0%| F|  |TAMS 0x0000000616000000| PB 0x0000000616000000| Untracked |  0
|  29|0x0000000616400000, 0x0000000616400000, 0x0000000616800000|  0%| F|  |TAMS 0x0000000616400000| PB 0x0000000616400000| Untracked |  0
|  30|0x0000000616800000, 0x0000000616800000, 0x0000000616c00000|  0%| F|  |TAMS 0x0000000616800000| PB 0x0000000616800000| Untracked |  0
|  31|0x0000000616c00000, 0x0000000616c00000, 0x0000000617000000|  0%| F|  |TAMS 0x0000000616c00000| PB 0x0000000616c00000| Untracked |  0
|  32|0x0000000617000000, 0x0000000617000000, 0x0000000617400000|  0%| F|  |TAMS 0x0000000617000000| PB 0x0000000617000000| Untracked |  0
|  33|0x0000000617400000, 0x0000000617400000, 0x0000000617800000|  0%| F|  |TAMS 0x0000000617400000| PB 0x0000000617400000| Untracked |  0
|  34|0x0000000617800000, 0x0000000617800000, 0x0000000617c00000|  0%| F|  |TAMS 0x0000000617800000| PB 0x0000000617800000| Untracked |  0
|  35|0x0000000617c00000, 0x0000000617c00000, 0x0000000618000000|  0%| F|  |TAMS 0x0000000617c00000| PB 0x0000000617c00000| Untracked |  0
|  36|0x0000000618000000, 0x0000000618000000, 0x0000000618400000|  0%| F|  |TAMS 0x0000000618000000| PB 0x0000000618000000| Untracked |  0
|  37|0x0000000618400000, 0x0000000618400000, 0x0000000618800000|  0%| F|  |TAMS 0x0000000618400000| PB 0x0000000618400000| Untracked |  0
|  38|0x0000000618800000, 0x0000000618800000, 0x0000000618c00000|  0%| F|  |TAMS 0x0000000618800000| PB 0x0000000618800000| Untracked |  0
|  39|0x0000000618c00000, 0x0000000618c00000, 0x0000000619000000|  0%| F|  |TAMS 0x0000000618c00000| PB 0x0000000618c00000| Untracked |  0
|  40|0x0000000619000000, 0x0000000619000000, 0x0000000619400000|  0%| F|  |TAMS 0x0000000619000000| PB 0x0000000619000000| Untracked |  0
|  41|0x0000000619400000, 0x0000000619400000, 0x0000000619800000|  0%| F|  |TAMS 0x0000000619400000| PB 0x0000000619400000| Untracked |  0
|  42|0x0000000619800000, 0x0000000619800000, 0x0000000619c00000|  0%| F|  |TAMS 0x0000000619800000| PB 0x0000000619800000| Untracked |  0
|  43|0x0000000619c00000, 0x0000000619c00000, 0x000000061a000000|  0%| F|  |TAMS 0x0000000619c00000| PB 0x0000000619c00000| Untracked |  0
|  44|0x000000061a000000, 0x000000061a000000, 0x000000061a400000|  0%| F|  |TAMS 0x000000061a000000| PB 0x000000061a000000| Untracked |  0
|  45|0x000000061a400000, 0x000000061a400000, 0x000000061a800000|  0%| F|  |TAMS 0x000000061a400000| PB 0x000000061a400000| Untracked |  0
|  46|0x000000061a800000, 0x000000061a800000, 0x000000061ac00000|  0%| F|  |TAMS 0x000000061a800000| PB 0x000000061a800000| Untracked |  0
|  47|0x000000061ac00000, 0x000000061ac00000, 0x000000061b000000|  0%| F|  |TAMS 0x000000061ac00000| PB 0x000000061ac00000| Untracked |  0
|  48|0x000000061b000000, 0x000000061b000000, 0x000000061b400000|  0%| F|  |TAMS 0x000000061b000000| PB 0x000000061b000000| Untracked |  0
|  49|0x000000061b400000, 0x000000061b400000, 0x000000061b800000|  0%| F|  |TAMS 0x000000061b400000| PB 0x000000061b400000| Untracked |  0
|  50|0x000000061b800000, 0x000000061b800000, 0x000000061bc00000|  0%| F|  |TAMS 0x000000061b800000| PB 0x000000061b800000| Untracked |  0
|  51|0x000000061bc00000, 0x000000061bc00000, 0x000000061c000000|  0%| F|  |TAMS 0x000000061bc00000| PB 0x000000061bc00000| Untracked |  0
|  52|0x000000061c000000, 0x000000061c000000, 0x000000061c400000|  0%| F|  |TAMS 0x000000061c000000| PB 0x000000061c000000| Untracked |  0
|  53|0x000000061c400000, 0x000000061c400000, 0x000000061c800000|  0%| F|  |TAMS 0x000000061c400000| PB 0x000000061c400000| Untracked |  0
|  54|0x000000061c800000, 0x000000061c800000, 0x000000061cc00000|  0%| F|  |TAMS 0x000000061c800000| PB 0x000000061c800000| Untracked |  0
|  55|0x000000061cc00000, 0x000000061cc00000, 0x000000061d000000|  0%| F|  |TAMS 0x000000061cc00000| PB 0x000000061cc00000| Untracked |  0
|  56|0x000000061d000000, 0x000000061d000000, 0x000000061d400000|  0%| F|  |TAMS 0x000000061d000000| PB 0x000000061d000000| Untracked |  0
|  57|0x000000061d400000, 0x000000061d400000, 0x000000061d800000|  0%| F|  |TAMS 0x000000061d400000| PB 0x000000061d400000| Untracked |  0
|  58|0x000000061d800000, 0x000000061d800000, 0x000000061dc00000|  0%| F|  |TAMS 0x000000061d800000| PB 0x000000061d800000| Untracked |  0
|  59|0x000000061dc00000, 0x000000061dc00000, 0x000000061e000000|  0%| F|  |TAMS 0x000000061dc00000| PB 0x000000061dc00000| Untracked |  0
|  60|0x000000061e000000, 0x000000061e000000, 0x000000061e400000|  0%| F|  |TAMS 0x000000061e000000| PB 0x000000061e000000| Untracked |  0
|  61|0x000000061e400000, 0x000000061e400000, 0x000000061e800000|  0%| F|  |TAMS 0x000000061e400000| PB 0x000000061e400000| Untracked |  0
|  62|0x000000061e800000, 0x000000061e800000, 0x000000061ec00000|  0%| F|  |TAMS 0x000000061e800000| PB 0x000000061e800000| Untracked |  0
|  63|0x000000061ec00000, 0x000000061ec00000, 0x000000061f000000|  0%| F|  |TAMS 0x000000061ec00000| PB 0x000000061ec00000| Untracked |  0
|  64|0x000000061f000000, 0x000000061f000000, 0x000000061f400000|  0%| F|  |TAMS 0x000000061f000000| PB 0x000000061f000000| Untracked |  0
|  65|0x000000061f400000, 0x000000061f400000, 0x000000061f800000|  0%| F|  |TAMS 0x000000061f400000| PB 0x000000061f400000| Untracked |  0
|  66|0x000000061f800000, 0x000000061f800000, 0x000000061fc00000|  0%| F|  |TAMS 0x000000061f800000| PB 0x000000061f800000| Untracked |  0
|  67|0x000000061fc00000, 0x000000061fc00000, 0x0000000620000000|  0%| F|  |TAMS 0x000000061fc00000| PB 0x000000061fc00000| Untracked |  0
|  68|0x0000000620000000, 0x0000000620000000, 0x0000000620400000|  0%| F|  |TAMS 0x0000000620000000| PB 0x0000000620000000| Untracked |  0
|  69|0x0000000620400000, 0x0000000620400000, 0x0000000620800000|  0%| F|  |TAMS 0x0000000620400000| PB 0x0000000620400000| Untracked |  0
|  70|0x0000000620800000, 0x0000000620800000, 0x0000000620c00000|  0%| F|  |TAMS 0x0000000620800000| PB 0x0000000620800000| Untracked |  0
|  71|0x0000000620c00000, 0x0000000620c00000, 0x0000000621000000|  0%| F|  |TAMS 0x0000000620c00000| PB 0x0000000620c00000| Untracked |  0
|  72|0x0000000621000000, 0x0000000621000000, 0x0000000621400000|  0%| F|  |TAMS 0x0000000621000000| PB 0x0000000621000000| Untracked |  0
|  73|0x0000000621400000, 0x0000000621400000, 0x0000000621800000|  0%| F|  |TAMS 0x0000000621400000| PB 0x0000000621400000| Untracked |  0
|  74|0x0000000621800000, 0x0000000621800000, 0x0000000621c00000|  0%| F|  |TAMS 0x0000000621800000| PB 0x0000000621800000| Untracked |  0
|  75|0x0000000621c00000, 0x0000000621c00000, 0x0000000622000000|  0%| F|  |TAMS 0x0000000621c00000| PB 0x0000000621c00000| Untracked |  0
|  76|0x0000000622000000, 0x0000000622000000, 0x0000000622400000|  0%| F|  |TAMS 0x0000000622000000| PB 0x0000000622000000| Untracked |  0
|  77|0x0000000622400000, 0x0000000622400000, 0x0000000622800000|  0%| F|  |TAMS 0x0000000622400000| PB 0x0000000622400000| Untracked |  0
|  78|0x0000000622800000, 0x0000000622800000, 0x0000000622c00000|  0%| F|  |TAMS 0x0000000622800000| PB 0x0000000622800000| Untracked |  0
|  79|0x0000000622c00000, 0x0000000622c00000, 0x0000000623000000|  0%| F|  |TAMS 0x0000000622c00000| PB 0x0000000622c00000| Untracked |  0
|  80|0x0000000623000000, 0x0000000623000000, 0x0000000623400000|  0%| F|  |TAMS 0x0000000623000000| PB 0x0000000623000000| Untracked |  0
|  81|0x0000000623400000, 0x0000000623400000, 0x0000000623800000|  0%| F|  |TAMS 0x0000000623400000| PB 0x0000000623400000| Untracked |  0
|  82|0x0000000623800000, 0x0000000623800000, 0x0000000623c00000|  0%| F|  |TAMS 0x0000000623800000| PB 0x0000000623800000| Untracked |  0
|  83|0x0000000623c00000, 0x0000000623c00000, 0x0000000624000000|  0%| F|  |TAMS 0x0000000623c00000| PB 0x0000000623c00000| Untracked |  0
|  84|0x0000000624000000, 0x0000000624000000, 0x0000000624400000|  0%| F|  |TAMS 0x0000000624000000| PB 0x0000000624000000| Untracked |  0
|  85|0x0000000624400000, 0x0000000624400000, 0x0000000624800000|  0%| F|  |TAMS 0x0000000624400000| PB 0x0000000624400000| Untracked |  0
|  86|0x0000000624800000, 0x0000000624800000, 0x0000000624c00000|  0%| F|  |TAMS 0x0000000624800000| PB 0x0000000624800000| Untracked |  0
|  87|0x0000000624c00000, 0x0000000624c00000, 0x0000000625000000|  0%| F|  |TAMS 0x0000000624c00000| PB 0x0000000624c00000| Untracked |  0
|  88|0x0000000625000000, 0x0000000625000000, 0x0000000625400000|  0%| F|  |TAMS 0x0000000625000000| PB 0x0000000625000000| Untracked |  0
|  89|0x0000000625400000, 0x0000000625400000, 0x0000000625800000|  0%| F|  |TAMS 0x0000000625400000| PB 0x0000000625400000| Untracked |  0
|  90|0x0000000625800000, 0x0000000625800000, 0x0000000625c00000|  0%| F|  |TAMS 0x0000000625800000| PB 0x0000000625800000| Untracked |  0
|  91|0x0000000625c00000, 0x0000000625c00000, 0x0000000626000000|  0%| F|  |TAMS 0x0000000625c00000| PB 0x0000000625c00000| Untracked |  0
|  92|0x0000000626000000, 0x0000000626000000, 0x0000000626400000|  0%| F|  |TAMS 0x0000000626000000| PB 0x0000000626000000| Untracked |  0
|  93|0x0000000626400000, 0x0000000626400000, 0x0000000626800000|  0%| F|  |TAMS 0x0000000626400000| PB 0x0000000626400000| Untracked |  0
|  94|0x0000000626800000, 0x0000000626800000, 0x0000000626c00000|  0%| F|  |TAMS 0x0000000626800000| PB 0x0000000626800000| Untracked |  0
|  95|0x0000000626c00000, 0x0000000626c00000, 0x0000000627000000|  0%| F|  |TAMS 0x0000000626c00000| PB 0x0000000626c00000| Untracked |  0
|  96|0x0000000627000000, 0x0000000627000000, 0x0000000627400000|  0%| F|  |TAMS 0x0000000627000000| PB 0x0000000627000000| Untracked |  0
|  97|0x0000000627400000, 0x0000000627400000, 0x0000000627800000|  0%| F|  |TAMS 0x0000000627400000| PB 0x0000000627400000| Untracked |  0
|  98|0x0000000627800000, 0x0000000627800000, 0x0000000627c00000|  0%| F|  |TAMS 0x0000000627800000| PB 0x0000000627800000| Untracked |  0
|  99|0x0000000627c00000, 0x0000000627c00000, 0x0000000628000000|  0%| F|  |TAMS 0x0000000627c00000| PB 0x0000000627c00000| Untracked |  0
| 100|0x0000000628000000, 0x0000000628000000, 0x0000000628400000|  0%| F|  |TAMS 0x0000000628000000| PB 0x0000000628000000| Untracked |  0
| 101|0x0000000628400000, 0x0000000628400000, 0x0000000628800000|  0%| F|  |TAMS 0x0000000628400000| PB 0x0000000628400000| Untracked |  0
| 102|0x0000000628800000, 0x0000000628800000, 0x0000000628c00000|  0%| F|  |TAMS 0x0000000628800000| PB 0x0000000628800000| Untracked |  0
| 103|0x0000000628c00000, 0x0000000628c00000, 0x0000000629000000|  0%| F|  |TAMS 0x0000000628c00000| PB 0x0000000628c00000| Untracked |  0
| 104|0x0000000629000000, 0x0000000629000000, 0x0000000629400000|  0%| F|  |TAMS 0x0000000629000000| PB 0x0000000629000000| Untracked |  0
| 105|0x0000000629400000, 0x0000000629400000, 0x0000000629800000|  0%| F|  |TAMS 0x0000000629400000| PB 0x0000000629400000| Untracked |  0
| 106|0x0000000629800000, 0x0000000629800000, 0x0000000629c00000|  0%| F|  |TAMS 0x0000000629800000| PB 0x0000000629800000| Untracked |  0
| 107|0x0000000629c00000, 0x0000000629c00000, 0x000000062a000000|  0%| F|  |TAMS 0x0000000629c00000| PB 0x0000000629c00000| Untracked |  0
| 108|0x000000062a000000, 0x000000062a000000, 0x000000062a400000|  0%| F|  |TAMS 0x000000062a000000| PB 0x000000062a000000| Untracked |  0
| 109|0x000000062a400000, 0x000000062a400000, 0x000000062a800000|  0%| F|  |TAMS 0x000000062a400000| PB 0x000000062a400000| Untracked |  0
| 110|0x000000062a800000, 0x000000062a800000, 0x000000062ac00000|  0%| F|  |TAMS 0x000000062a800000| PB 0x000000062a800000| Untracked |  0
| 111|0x000000062ac00000, 0x000000062ac00000, 0x000000062b000000|  0%| F|  |TAMS 0x000000062ac00000| PB 0x000000062ac00000| Untracked |  0
| 112|0x000000062b000000, 0x000000062b000000, 0x000000062b400000|  0%| F|  |TAMS 0x000000062b000000| PB 0x000000062b000000| Untracked |  0
| 113|0x000000062b400000, 0x000000062b400000, 0x000000062b800000|  0%| F|  |TAMS 0x000000062b400000| PB 0x000000062b400000| Untracked |  0
| 114|0x000000062b800000, 0x000000062b800000, 0x000000062bc00000|  0%| F|  |TAMS 0x000000062b800000| PB 0x000000062b800000| Untracked |  0
| 115|0x000000062bc00000, 0x000000062bc00000, 0x000000062c000000|  0%| F|  |TAMS 0x000000062bc00000| PB 0x000000062bc00000| Untracked |  0
| 116|0x000000062c000000, 0x000000062c000000, 0x000000062c400000|  0%| F|  |TAMS 0x000000062c000000| PB 0x000000062c000000| Untracked |  0
| 117|0x000000062c400000, 0x000000062c400000, 0x000000062c800000|  0%| F|  |TAMS 0x000000062c400000| PB 0x000000062c400000| Untracked |  0
| 118|0x000000062c800000, 0x000000062c800000, 0x000000062cc00000|  0%| F|  |TAMS 0x000000062c800000| PB 0x000000062c800000| Untracked |  0
| 119|0x000000062cc00000, 0x000000062cc00000, 0x000000062d000000|  0%| F|  |TAMS 0x000000062cc00000| PB 0x000000062cc00000| Untracked |  0
| 120|0x000000062d000000, 0x000000062d000000, 0x000000062d400000|  0%| F|  |TAMS 0x000000062d000000| PB 0x000000062d000000| Untracked |  0
| 121|0x000000062d400000, 0x000000062d400000, 0x000000062d800000|  0%| F|  |TAMS 0x000000062d400000| PB 0x000000062d400000| Untracked |  0
| 122|0x000000062d800000, 0x000000062d9eeeb0, 0x000000062dc00000| 48%| E|  |TAMS 0x000000062d800000| PB 0x000000062d800000| Complete |  0
| 123|0x000000062dc00000, 0x000000062e000000, 0x000000062e000000|100%| E|CS|TAMS 0x000000062dc00000| PB 0x000000062dc00000| Complete |  0
| 124|0x000000062e000000, 0x000000062e400000, 0x000000062e400000|100%| E|CS|TAMS 0x000000062e000000| PB 0x000000062e000000| Complete |  0
|1987|0x00000007ffc00000, 0x00000007ffd25608, 0x0000000800000000| 28%| O|  |TAMS 0x00000007ffc00000| PB 0x00000007ffc00000| Untracked |  0

Card table byte_map: [0x0000020c22940000,0x0000020c238d0000] _byte_map_base: 0x0000020c1f8c8000

Marking Bits: (CMBitMap*) 0x0000020c074d6010
 Bits: [0x0000020c238d0000, 0x0000020c2b510000)

Polling page: 0x0000020c06db0000

Metaspace:
Metaspace        used 3384K, committed 3584K, reserved 1114112K
 class space     used 173K, committed 256K, reserved 1048576K

Usage:
  Non-class:      3.14 MB used.
      Class:    173.27 KB used.
       Both:      3.31 MB used.

Virtual space:
  Non-class space:       64.00 MB reserved,       3.25 MB (  5%) committed,  1 nodes.
      Class space:        1.00 GB reserved,     256.00 KB ( <1%) committed,  1 nodes.
             Both:        1.06 GB reserved,       3.50 MB ( <1%) committed. 

Chunk freelists:
   Non-Class:  10.35 MB
       Class:  15.66 MB
        Both:  26.01 MB

MaxMetaspaceSize: unlimited
CompressedClassSpaceSize: 1.00 GB
Initial GC threshold: 21.00 MB
Current GC threshold: 21.00 MB
CDS: on
 - commit_granule_bytes: 65536.
 - commit_granule_words: 8192.
 - virtual_space_node_default_size: 8388608.
 - enlarge_chunks_in_place: 1.
UseCompressedClassPointers 1, UseCompactObjectHeaders 0
Narrow klass pointer bits 32, Max shift 3
Narrow klass base: 0x0000000022000000, Narrow klass shift: 0
Encoding Range: [0x0000000022000000 - 0x0000000122000000), (4294967296 bytes)
Klass Range:    [0x0000000022010000 - 0x0000000063000000), (1090453504 bytes)
Klass ID Range:  [65536 - 1090519033) (1090453497)
Protection zone: [0x0000000022000000 - 0x0000000022010000), (65536 bytes)


Internal statistics:

num_allocs_failed_limit: 0.
num_arena_births: 68.
num_arena_deaths: 0.
num_vsnodes_births: 2.
num_vsnodes_deaths: 0.
num_space_committed: 56.
num_space_uncommitted: 0.
num_chunks_returned_to_freelist: 0.
num_chunks_taken_from_freelist: 157.
num_chunk_merges: 0.
num_chunk_splits: 104.
num_chunks_enlarged: 64.
num_inconsistent_stats: 0.

CodeHeap 'non-profiled nmethods': size=119232Kb used=178Kb max_used=178Kb free=119053Kb
 bounds [0x0000020c19590000, 0x0000020c19800000, 0x0000020c20a00000]
CodeHeap 'profiled nmethods': size=119104Kb used=1023Kb max_used=1023Kb free=118080Kb
 bounds [0x0000020c11a00000, 0x0000020c11c70000, 0x0000020c18e50000]
CodeHeap 'non-nmethods': size=7424Kb used=3892Kb max_used=3905Kb free=3532Kb
 bounds [0x0000020c18e50000, 0x0000020c19230000, 0x0000020c19590000]
CodeCache: size=245760Kb, used=5093Kb, max_used=5106Kb, free=240665Kb
 total_blobs=1867, nmethods=789, adapters=979, full_count=0
Compilation: enabled, stopped_count=0, restarted_count=0

Compilation events (20 events):
Event: 0.339 Thread 0x0000020c2e68d3f0  779       3       jdk.internal.jimage.ImageStringsReader::match (11 bytes)
Event: 0.339 Thread 0x0000020c33510700  780       3       jdk.internal.jimage.BasicImageReader::match (37 bytes)
Event: 0.339 Thread 0x0000020c2b7bf6e0  783       4       jdk.internal.jimage.ImageStringsReader::unmaskedHashCode (166 bytes)
Event: 0.339 Thread 0x0000020c2b7c0680 nmethod 776 0x0000020c11af9988 code [0x0000020c11af9a80, 0x0000020c11afaeb0]
Event: 0.339 Thread 0x0000020c2b7c0680  782       3       jdk.internal.jimage.ImageLocation::verifyName (161 bytes)
Event: 0.339 Thread 0x0000020c2e68d3f0 nmethod 779 0x0000020c11afaf08 code [0x0000020c11afb000, 0x0000020c11afb1c8]
Event: 0.339 Thread 0x0000020c33510700 nmethod 780 0x0000020c11afb208 code [0x0000020c11afb300, 0x0000020c11afb5f8]
Event: 0.339 Thread 0x0000020c2e6845d0 nmethod 781 0x0000020c11afb608 code [0x0000020c11afb700, 0x0000020c11afcb08]
Event: 0.339 Thread 0x0000020c2b7c0680 nmethod 782 0x0000020c11afcb88 code [0x0000020c11afcc80, 0x0000020c11afe460]
Event: 0.339 Thread 0x0000020c33510700  784       3       java.util.jar.JarFile::getEntry (35 bytes)
Event: 0.339 Thread 0x0000020c33510700 nmethod 784 0x0000020c11afe488 code [0x0000020c11afe580, 0x0000020c11afea58]
Event: 0.340 Thread 0x0000020c33510700  786   !   3       jdk.internal.loader.URLClassPath$JarLoader::getResource (39 bytes)
Event: 0.340 Thread 0x0000020c2e68d3f0  787       3       java.util.jar.JarFile::getJarEntry (9 bytes)
Event: 0.340 Thread 0x0000020c2e68d3f0 nmethod 787 0x0000020c11afea88 code [0x0000020c11afeb80, 0x0000020c11afee10]
Event: 0.340 Thread 0x0000020c33510700 nmethod 786 0x0000020c11afee88 code [0x0000020c11afef80, 0x0000020c11aff4e8]
Event: 0.340 Thread 0x0000020c33510700  788       3       sun.misc.Unsafe::putLong (14 bytes)
Event: 0.340 Thread 0x0000020c2e6845d0  789       3       org.lwjgl.system.MemoryUtil::memPutAddress (29 bytes)
Event: 0.340 Thread 0x0000020c2e6845d0 nmethod 789 0x0000020c11aff508 code [0x0000020c11aff600, 0x0000020c11aff9e8]
Event: 0.340 Thread 0x0000020c33510700 nmethod 788 0x0000020c11affa08 code [0x0000020c11affb00, 0x0000020c11affd90]
Event: 0.340 Thread 0x0000020c2b7bf6e0 nmethod 783 0x0000020c195bc588 code [0x0000020c195bc680, 0x0000020c195bc870]

GC Heap Usage History (0 events):
No events

Metaspace Usage History (0 events):
No events

Dll operation events (8 events):
Event: 0.008 Loaded shared library C:\Program Files\Java\jdk-25\bin\java.dll
Event: 0.031 Loaded shared library C:\Program Files\Java\jdk-25\bin\net.dll
Event: 0.032 Loaded shared library C:\Program Files\Java\jdk-25\bin\nio.dll
Event: 0.034 Loaded shared library C:\Program Files\Java\jdk-25\bin\zip.dll
Event: 0.063 Loaded shared library C:\Program Files\Java\jdk-25\bin\jimage.dll
Event: 0.074 Loaded shared library C:\Users\Utente\AppData\Local\Temp\lwjgl_Utente\3.3.3+5\x64\lwjgl.dll
Event: 0.323 Loaded shared library C:\Program Files\Java\jdk-25\bin\verify.dll
Event: 0.337 Loaded shared library C:\Users\Utente\AppData\Local\Temp\lwjgl_Utente\3.3.3+5\x64\lwjgl_opengl.dll

Deoptimization events (0 events):
No events

Classes loaded (20 events):
Event: 0.096 Loading class java/util/stream/SliceOps$1
Event: 0.096 Loading class java/util/stream/SliceOps$1 done
Event: 0.096 Loading class java/util/stream/SliceOps$1$1
Event: 0.096 Loading class java/util/stream/SliceOps$1$1 done
Event: 0.096 Loading class java/util/stream/WhileOps$1Op$1OpSink
Event: 0.096 Loading class java/util/stream/WhileOps$DropWhileSink
Event: 0.096 Loading class java/util/stream/WhileOps$DropWhileSink done
Event: 0.096 Loading class java/util/stream/WhileOps$1Op$1OpSink done
Event: 0.098 Loading class java/lang/foreign/MemorySegment
Event: 0.098 Loading class java/lang/foreign/MemorySegment done
Event: 0.100 Loading class java/nio/InvalidMarkException
Event: 0.100 Loading class java/nio/InvalidMarkException done
Event: 0.100 Loading class java/nio/BufferUnderflowException
Event: 0.100 Loading class java/nio/BufferUnderflowException done
Event: 0.110 Loading class java/lang/NoSuchFieldError
Event: 0.110 Loading class java/lang/NoSuchFieldError done
Event: 0.113 Loading class jdk/internal/reflect/MethodHandleIntegerFieldAccessorImpl
Event: 0.113 Loading class jdk/internal/reflect/MethodHandleIntegerFieldAccessorImpl done
Event: 0.322 Loading class java/io/Externalizable
Event: 0.322 Loading class java/io/Externalizable done

Classes unloaded (0 events):
No events

Classes redefined (0 events):
No events

Internal exceptions (20 events):
Event: 0.058 Thread 0x0000020c06a1b650 Exception <a 'java/lang/NoSuchMethodError'{0x000000062e38a148}: 'java.lang.Object java.lang.invoke.DirectMethodHandle$Holder.invokeStatic(java.lang.Object, java.lang.Object, int)'> (0x000000062e38a148) 
thrown [s\open\src\hotspot\share\interpreter\linkResolver.cpp, line 804]
Event: 0.058 Thread 0x0000020c06a1b650 Exception <a 'java/lang/NoSuchMethodError'{0x000000062e3a3390}: 'void java.lang.invoke.DelegatingMethodHandle$Holder.delegate(java.lang.Object, java.lang.Object, int, java.lang.Object)'> (0x000000062e3a3390) 
thrown [s\open\src\hotspot\share\interpreter\linkResolver.cpp, line 804]
Event: 0.061 Thread 0x0000020c06a1b650 Exception <a 'java/lang/NoSuchMethodError'{0x000000062dc0e158}: 'void java.lang.System.loadLibrary(java.lang.String, java.lang.Class)'> (0x000000062dc0e158) 
thrown [s\open\src\hotspot\share\interpreter\linkResolver.cpp, line 804]
Event: 0.072 Thread 0x0000020c06a1b650 Exception <a 'sun/nio/fs/WindowsException'{0x000000062dc3c458}> (0x000000062dc3c458) 
thrown [s\open\src\hotspot\share\prims\jni.cpp, line 516]
Event: 0.072 Thread 0x0000020c06a1b650 Exception <a 'sun/nio/fs/WindowsException'{0x000000062dc3c9f8}> (0x000000062dc3c9f8) 
thrown [s\open\src\hotspot\share\prims\jni.cpp, line 516]
Event: 0.094 Thread 0x0000020c06a1b650 Exception <a 'java/lang/NoSuchMethodError'{0x000000062def3d00}: 'int java.lang.invoke.DirectMethodHandle$Holder.invokeStaticInit(java.lang.Object, java.lang.Object, int, long)'> (0x000000062def3d00) 
thrown [s\open\src\hotspot\share\interpreter\linkResolver.cpp, line 804]
Event: 0.094 Thread 0x0000020c06a1b650 Exception <a 'java/lang/NoSuchMethodError'{0x000000062df02e08}: 'java.lang.Object java.lang.invoke.DirectMethodHandle$Holder.newInvokeSpecial(java.lang.Object, java.lang.Object, int)'> (0x000000062df02e08) 
thrown [s\open\src\hotspot\share\interpreter\linkResolver.cpp, line 804]
Event: 0.098 Thread 0x0000020c06a1b650 Exception <a 'java/lang/NoSuchMethodError'{0x000000062df4ee00}: 'int java.lang.invoke.DirectMethodHandle$Holder.invokeStaticInit(java.lang.Object, java.lang.Object, long, long)'> (0x000000062df4ee00) 
thrown [s\open\src\hotspot\share\interpreter\linkResolver.cpp, line 804]
Event: 0.099 Thread 0x0000020c06a1b650 Exception <a 'java/lang/NoSuchMethodError'{0x000000062df5e210}: 'java.lang.Object java.lang.invoke.DirectMethodHandle$Holder.newInvokeSpecial(java.lang.Object, java.lang.Object, long)'> (0x000000062df5e210) 
thrown [s\open\src\hotspot\share\interpreter\linkResolver.cpp, line 804]
Event: 0.099 Thread 0x0000020c06a1b650 Exception <a 'java/lang/NoSuchMethodError'{0x000000062df66cd0}: 'java.lang.Object java.lang.invoke.Invokers$Holder.linkToTargetMethod(java.lang.Object, long, java.lang.Object)'> (0x000000062df66cd0) 
thrown [s\open\src\hotspot\share\interpreter\linkResolver.cpp, line 804]
Event: 0.100 Thread 0x0000020c06a1b650 Exception <a 'java/lang/NoSuchMethodError'{0x000000062df77348}: 'int java.lang.invoke.DirectMethodHandle$Holder.invokeStaticInit(java.lang.Object, java.lang.Object, java.lang.Object, long)'> (0x000000062df77348) 
thrown [s\open\src\hotspot\share\interpreter\linkResolver.cpp, line 804]
Event: 0.109 Thread 0x0000020c06a1b650 Exception <a 'sun/nio/fs/WindowsException'{0x000000062d80d948}> (0x000000062d80d948) 
thrown [s\open\src\hotspot\share\prims\jni.cpp, line 516]
Event: 0.109 Thread 0x0000020c06a1b650 Exception <a 'sun/nio/fs/WindowsException'{0x000000062d80dcb8}> (0x000000062d80dcb8) 
thrown [s\open\src\hotspot\share\prims\jni.cpp, line 516]
Event: 0.113 Thread 0x0000020c06a1b650 Exception <a 'java/lang/NoSuchMethodError'{0x000000062d820e68}: 'int java.lang.invoke.Invokers$Holder.invokeExact_MT(java.lang.Object, java.lang.Object)'> (0x000000062d820e68) 
thrown [s\open\src\hotspot\share\interpreter\linkResolver.cpp, line 804]
Event: 0.333 Thread 0x0000020c06a1b650 Exception <a 'java/lang/NoSuchMethodError'{0x000000062d968e10}: 'void java.lang.System.load(java.lang.String, java.lang.Class)'> (0x000000062d968e10) 
thrown [s\open\src\hotspot\share\interpreter\linkResolver.cpp, line 804]
Event: 0.334 Thread 0x0000020c06a1b650 Exception <a 'java/lang/NoSuchMethodError'{0x000000062d970bf0}: 'void java.lang.System.loadLibrary(java.lang.String, java.lang.Class)'> (0x000000062d970bf0) 
thrown [s\open\src\hotspot\share\interpreter\linkResolver.cpp, line 804]
Event: 0.336 Thread 0x0000020c06a1b650 Exception <a 'sun/nio/fs/WindowsException'{0x000000062d984278}> (0x000000062d984278) 
thrown [s\open\src\hotspot\share\prims\jni.cpp, line 516]
Event: 0.336 Thread 0x0000020c06a1b650 Exception <a 'sun/nio/fs/WindowsException'{0x000000062d984628}> (0x000000062d984628) 
thrown [s\open\src\hotspot\share\prims\jni.cpp, line 516]
Event: 0.339 Thread 0x0000020c06a1b650 Exception <a 'sun/nio/fs/WindowsException'{0x000000062d98b950}> (0x000000062d98b950) 
thrown [s\open\src\hotspot\share\prims\jni.cpp, line 516]
Event: 0.339 Thread 0x0000020c06a1b650 Exception <a 'sun/nio/fs/WindowsException'{0x000000062d98bc38}> (0x000000062d98bc38) 
thrown [s\open\src\hotspot\share\prims\jni.cpp, line 516]

VM Operations (0 events):
No events

Memory protections (0 events):
No events

Nmethod flushes (0 events):
No events

Events (14 events):
Event: 0.015 Thread 0x0000020c06a1b650 Thread added: 0x0000020c06a1b650
Event: 0.021 Thread 0x0000020c06a1b650 Thread added: 0x0000020c2b7b1140
Event: 0.021 Thread 0x0000020c06a1b650 Thread added: 0x0000020c2b7b1a50
Event: 0.021 Thread 0x0000020c06a1b650 Thread added: 0x0000020c2b7b3f20
Event: 0.021 Thread 0x0000020c06a1b650 Thread added: 0x0000020c2b7b8170
Event: 0.021 Thread 0x0000020c06a1b650 Thread added: 0x0000020c2b7b98a0
Event: 0.021 Thread 0x0000020c06a1b650 Thread added: 0x0000020c2b7bd110
Event: 0.021 Thread 0x0000020c06a1b650 Thread added: 0x0000020c2b7bf6e0
Event: 0.021 Thread 0x0000020c06a1b650 Thread added: 0x0000020c2b7c0680
Event: 0.027 Thread 0x0000020c06a1b650 Thread added: 0x0000020c2e672550
Event: 0.028 Thread 0x0000020c06a1b650 Thread added: 0x0000020c2e67ad40
Event: 0.033 Thread 0x0000020c2b7c0680 Thread added: 0x0000020c2e6845d0
Event: 0.033 Thread 0x0000020c2b7bf6e0 Thread added: 0x0000020c2e68d3f0
Event: 0.115 Thread 0x0000020c2b7c0680 Thread added: 0x0000020c33510700


Dynamic libraries:
0x00007ff6a94e0000 - 0x00007ff6a94f0000 	C:\Program Files\Java\jdk-25\bin\java.exe
0x00007fff22b60000 - 0x00007fff22dc7000 	C:\WINDOWS\SYSTEM32\ntdll.dll
0x00007fff21a70000 - 0x00007fff21b39000 	C:\WINDOWS\System32\KERNEL32.DLL
0x00007fff1fba0000 - 0x00007fff1ff94000 	C:\WINDOWS\System32\KERNELBASE.dll
0x00007ffedbd70000 - 0x00007ffedbe4b000 	C:\Program Files\Bitdefender\Bitdefender Security\bdhkm\dlls_268334018035115250\bdhkm64.dll
0x00007ffedbb90000 - 0x00007ffedbd6c000 	C:\Program Files\Bitdefender\Bitdefender Security\atcuf\dlls_268334017934676839\atcuf64.dll
0x00007fff1f620000 - 0x00007fff1f76b000 	C:\WINDOWS\System32\ucrtbase.dll
0x00007fff03e20000 - 0x00007fff03e37000 	C:\Program Files\Java\jdk-25\bin\jli.dll
0x00007fff20ec0000 - 0x00007fff21085000 	C:\WINDOWS\System32\USER32.dll
0x00007fff208c0000 - 0x00007fff208e7000 	C:\WINDOWS\System32\win32u.dll
0x00007fff227e0000 - 0x00007fff2280b000 	C:\WINDOWS\System32\GDI32.dll
0x00007fff1f430000 - 0x00007fff1f55a000 	C:\WINDOWS\System32\gdi32full.dll
0x00007fff1f980000 - 0x00007fff1fa23000 	C:\WINDOWS\System32\msvcp_win.dll
0x00007ffed8dd0000 - 0x00007ffed8dee000 	C:\Program Files\Java\jdk-25\bin\VCRUNTIME140.dll
0x00007fff00e40000 - 0x00007fff010d3000 	C:\WINDOWS\WinSxS\amd64_microsoft.windows.common-controls_6595b64144ccf1df_6.0.26100.8115_none_3e075c82e3354f9c\COMCTL32.dll
0x00007fff22670000 - 0x00007fff22719000 	C:\WINDOWS\System32\msvcrt.dll
0x00007fff223d0000 - 0x00007fff22402000 	C:\WINDOWS\System32\IMM32.DLL
0x00007fff05eb0000 - 0x00007fff05ebc000 	C:\Program Files\Java\jdk-25\bin\vcruntime140_1.dll
0x00007ffed2bc0000 - 0x00007ffed2c4d000 	C:\Program Files\Java\jdk-25\bin\msvcp140.dll
0x00007ffecb690000 - 0x00007ffecc4ef000 	C:\Program Files\Java\jdk-25\bin\server\jvm.dll
0x00007fff22500000 - 0x00007fff225b6000 	C:\WINDOWS\System32\ADVAPI32.dll
0x00007fff22720000 - 0x00007fff227c7000 	C:\WINDOWS\System32\sechost.dll
0x00007fff21b40000 - 0x00007fff21c58000 	C:\WINDOWS\System32\RPCRT4.dll
0x00007fff20a90000 - 0x00007fff20b10000 	C:\WINDOWS\System32\WS2_32.dll
0x00007fff1f1e0000 - 0x00007fff1f23e000 	C:\WINDOWS\SYSTEM32\POWRPROF.dll
0x00007fff1a2a0000 - 0x00007fff1a2d6000 	C:\WINDOWS\SYSTEM32\WINMM.dll
0x00007fff1a290000 - 0x00007fff1a29b000 	C:\WINDOWS\SYSTEM32\VERSION.dll
0x00007fff1f1c0000 - 0x00007fff1f1d4000 	C:\WINDOWS\SYSTEM32\UMPDC.dll
0x00007fff1e180000 - 0x00007fff1e19b000 	C:\WINDOWS\SYSTEM32\kernel.appcore.dll
0x00007fff05d10000 - 0x00007fff05d1a000 	C:\Program Files\Java\jdk-25\bin\jimage.dll
0x00007fff0b4b0000 - 0x00007fff0b6f2000 	C:\WINDOWS\SYSTEM32\DBGHELP.DLL
0x00007fff216e0000 - 0x00007fff21a62000 	C:\WINDOWS\System32\combase.dll
0x00007fff22410000 - 0x00007fff224e7000 	C:\WINDOWS\System32\OLEAUT32.dll
0x00007ffeed3a0000 - 0x00007ffeed3db000 	C:\WINDOWS\SYSTEM32\dbgcore.DLL
0x00007fff20810000 - 0x00007fff208b5000 	C:\WINDOWS\System32\bcryptPrimitives.dll
0x00007ffed8560000 - 0x00007ffed857f000 	C:\Program Files\Java\jdk-25\bin\java.dll
0x00007fff208f0000 - 0x00007fff20a87000 	C:\WINDOWS\System32\ole32.dll
0x00007fff21c60000 - 0x00007fff223c6000 	C:\WINDOWS\System32\SHELL32.dll
0x00007fff1fa30000 - 0x00007fff1fb9a000 	C:\WINDOWS\System32\wintypes.dll
0x00007fff1ffa0000 - 0x00007fff20805000 	C:\WINDOWS\System32\windows.storage.dll
0x00007fff21090000 - 0x00007fff21187000 	C:\WINDOWS\System32\SHCORE.dll
0x00007fff21190000 - 0x00007fff211f6000 	C:\WINDOWS\System32\shlwapi.dll
0x00007fff1f350000 - 0x00007fff1f379000 	C:\WINDOWS\SYSTEM32\profapi.dll
0x00007ffed77f0000 - 0x00007ffed7802000 	C:\Program Files\Java\jdk-25\bin\net.dll
0x00007fff1e6d0000 - 0x00007fff1e73c000 	C:\WINDOWS\system32\mswsock.dll
0x00007ffed2ba0000 - 0x00007ffed2bb6000 	C:\Program Files\Java\jdk-25\bin\nio.dll
0x00007ffed8210000 - 0x00007ffed8227000 	C:\Program Files\Java\jdk-25\bin\zip.dll
0x00007ffef1d30000 - 0x00007ffef1dab000 	C:\Users\Utente\AppData\Local\Temp\lwjgl_Utente\3.3.3+5\x64\lwjgl.dll
0x00007ffed7720000 - 0x00007ffed77a2000 	C:\Users\Utente\AppData\Local\Temp\lwjgl_Utente\3.3.3+5\x64\glfw.dll
0x00007ffeca5f0000 - 0x00007ffeca63b000 	C:\WINDOWS\SYSTEM32\dinput8.dll
0x00007ffedafa0000 - 0x00007ffedafbe000 	C:\WINDOWS\SYSTEM32\xinput1_4.dll
0x00007fff1f010000 - 0x00007fff1f061000 	C:\WINDOWS\SYSTEM32\cfgmgr32.dll
0x00007fff1efe0000 - 0x00007fff1f00d000 	C:\WINDOWS\SYSTEM32\DEVOBJ.dll
0x00007fff1d110000 - 0x00007fff1d13f000 	C:\WINDOWS\SYSTEM32\dwmapi.dll
0x00007ffef0960000 - 0x00007ffef0b43000 	C:\WINDOWS\SYSTEM32\inputhost.dll
0x00007fff1c4f0000 - 0x00007fff1c617000 	C:\WINDOWS\SYSTEM32\CoreMessaging.dll
0x00007fff1ce70000 - 0x00007fff1cf19000 	C:\WINDOWS\system32\uxtheme.dll
0x0000000180000000 - 0x0000000180267000 	D:\Program Files\RivaTuner Statistics Server\RTSSHooks64.dll
0x00007fff21200000 - 0x00007fff21687000 	C:\WINDOWS\System32\SETUPAPI.dll
0x00007fff1e930000 - 0x00007fff1e93c000 	C:\WINDOWS\SYSTEM32\CRYPTBASE.DLL
0x00007fff20d50000 - 0x00007fff20eac000 	C:\WINDOWS\System32\MSCTF.dll
0x00007ffed1fe0000 - 0x00007ffed20ef000 	C:\WINDOWS\SYSTEM32\opengl32.dll
0x00007ffed2b30000 - 0x00007ffed2b5d000 	C:\WINDOWS\SYSTEM32\GLU32.dll
0x00007fff1cf50000 - 0x00007fff1cf93000 	C:\WINDOWS\SYSTEM32\dxcore.dll
0x00007ffef90f0000 - 0x00007ffef910d000 	C:\WINDOWS\SYSTEM32\windows.staterepositorycore.dll
0x00007ffe775a0000 - 0x00007ffe7a24f000 	C:\WINDOWS\System32\DriverStore\FileRepository\nv_dispi.inf_amd64_12ab2876952d3f1f\nvoglv64.dll
0x00007fff1d360000 - 0x00007fff1d389000 	C:\WINDOWS\SYSTEM32\WTSAPI32.dll
0x00007fff1f770000 - 0x00007fff1f8e7000 	C:\WINDOWS\System32\CRYPT32.dll
0x00007fff1e420000 - 0x00007fff1e469000 	C:\WINDOWS\SYSTEM32\SspiCli.dll
0x00007fff1f090000 - 0x00007fff1f09a000 	C:\WINDOWS\System32\DPAPI.DLL
0x00007fff1eb30000 - 0x00007fff1eb43000 	C:\WINDOWS\SYSTEM32\msasn1.dll
0x00007fff18fa0000 - 0x00007fff18fdb000 	C:\WINDOWS\SYSTEM32\cryptnet.dll
0x00007fff1e9d0000 - 0x00007fff1ea38000 	C:\WINDOWS\SYSTEM32\wldp.dll
0x00007fff18d80000 - 0x00007fff18ef8000 	C:\WINDOWS\SYSTEM32\drvstore.dll
0x00007fff1f8f0000 - 0x00007fff1f972000 	C:\WINDOWS\System32\WINTRUST.dll
0x00007fff1e2a0000 - 0x00007fff1e2d6000 	C:\WINDOWS\SYSTEM32\ntmarta.dll
0x00007fff22640000 - 0x00007fff22660000 	C:\WINDOWS\System32\imagehlp.dll
0x00007fff1ead0000 - 0x00007fff1eaeb000 	C:\WINDOWS\System32\CRYPTSP.dll
0x00007fff1e0e0000 - 0x00007fff1e119000 	C:\WINDOWS\system32\rsaenh.dll
0x00007fff1f320000 - 0x00007fff1f34a000 	C:\WINDOWS\System32\bcrypt.dll
0x00007fff13b80000 - 0x00007fff18ad7000 	C:\WINDOWS\System32\DriverStore\FileRepository\nv_dispi.inf_amd64_12ab2876952d3f1f\nvgpucomp64.dll
0x00007ffececa0000 - 0x00007ffecede7000 	C:\WINDOWS\system32\nvspcap64.dll
0x00007fff1edb0000 - 0x00007fff1ee12000 	C:\WINDOWS\SYSTEM32\WINSTA.dll
0x00007ffef04c0000 - 0x00007ffef04d0000 	C:\Program Files\Java\jdk-25\bin\verify.dll
0x00007ffedef20000 - 0x00007ffedef7e000 	C:\Users\Utente\AppData\Local\Temp\lwjgl_Utente\3.3.3+5\x64\lwjgl_opengl.dll

JVMTI agents: none

dbghelp: loaded successfully - version: 4.0.5 - missing functions: none
symbol engine: initialized successfully - sym options: 0x614 - pdb path: .;C:\Program Files\Java\jdk-25\bin;C:\WINDOWS\SYSTEM32;C:\Program Files\Bitdefender\Bitdefender Security\bdhkm\dlls_268334018035115250;C:\Program Files\Bitdefender\Bitdefender Security\atcuf\dlls_268334017934676839;C:\WINDOWS\WinSxS\amd64_microsoft.windows.common-controls_6595b64144ccf1df_6.0.26100.8115_none_3e075c82e3354f9c;C:\Program Files\Java\jdk-25\bin\server;C:\Users\Utente\AppData\Local\Temp\lwjgl_Utente\3.3.3+5\x64;D:\Program Files\RivaTuner Statistics Server;C:\WINDOWS\System32\DriverStore\FileRepository\nv_dispi.inf_amd64_12ab2876952d3f1f

VM Arguments:
java_command: com.mycompany.aimlab_painversion.AimLab_PainVersion
java_class_path (initial): D:\Utente\Documenti\NetBeansProjects\AimLab_PainVersion\target\classes;C:\Users\Utente\.m2\repository\org\joml\joml\1.10.8\joml-1.10.8.jar;C:\Users\Utente\.m2\repository\org\lwjgl\lwjgl\3.3.3\lwjgl-3.3.3.jar;C:\Users\Utente\.m2\repository\org\lwjgl\lwjgl\3.3.3\lwjgl-3.3.3-natives-windows.jar;C:\Users\Utente\.m2\repository\org\lwjgl\lwjgl-glfw\3.3.3\lwjgl-glfw-3.3.3.jar;C:\Users\Utente\.m2\repository\org\lwjgl\lwjgl-glfw\3.3.3\lwjgl-glfw-3.3.3-natives-windows.jar;C:\Users\Utente\.m2\repository\org\lwjgl\lwjgl-opengl\3.3.3\lwjgl-opengl-3.3.3.jar;C:\Users\Utente\.m2\repository\org\lwjgl\lwjgl-opengl\3.3.3\lwjgl-opengl-3.3.3-natives-windows.jar;C:\Users\Utente\.m2\repository\org\lwjgl\lwjgl-stb\3.3.3\lwjgl-stb-3.3.3.jar;C:\Users\Utente\.m2\repository\org\lwjgl\lwjgl-stb\3.3.3\lwjgl-stb-3.3.3-natives-windows.jar
Launcher Type: SUN_STANDARD

[Global flags]
     intx CICompilerCount                          = 12                                        {product} {ergonomic}
     uint ConcGCThreads                            = 3                                         {product} {ergonomic}
     uint G1ConcRefinementThreads                  = 13                                        {product} {ergonomic}
   size_t G1HeapRegionSize                         = 4194304                                   {product} {ergonomic}
   size_t InitialHeapSize                          = 524288000                                 {product} {ergonomic}
   size_t MarkStackSize                            = 4194304                                   {product} {ergonomic}
   size_t MarkStackSizeMax                         = 536870912                                 {product} {ergonomic}
   size_t MaxHeapSize                              = 8338276352                                {product} {ergonomic}
   size_t MaxNewSize                               = 4999610368                                {product} {ergonomic}
   size_t MinHeapDeltaBytes                        = 4194304                                   {product} {ergonomic}
   size_t MinHeapSize                              = 8388608                                   {product} {ergonomic}
    uintx NonNMethodCodeHeapSize                   = 7602176                                {pd product} {ergonomic}
    uintx NonProfiledCodeHeapSize                  = 122093568                              {pd product} {ergonomic}
    uintx ProfiledCodeHeapSize                     = 121962496                              {pd product} {ergonomic}
    uintx ReservedCodeCacheSize                    = 251658240                              {pd product} {ergonomic}
     bool SegmentedCodeCache                       = true                                      {product} {ergonomic}
   size_t SoftMaxHeapSize                          = 8338276352                             {manageable} {ergonomic}
     bool UseCompressedOops                        = true                           {product lp64_product} {ergonomic}
     bool UseG1GC                                  = true                                      {product} {ergonomic}
     bool UseLargePagesIndividualAllocation        = false                                  {pd product} {ergonomic}

Logging:
Log output configuration:
 #0: stdout all=warning uptime,level,tags foldmultilines=false
 #1: stderr all=off uptime,level,tags foldmultilines=false

Release file:
IMPLEMENTOR="Oracle Corporation" 
JAVA_RUNTIME_VERSION="25+37-LTS-3491" 
JAVA_VERSION="25" 
JAVA_VERSION_DATE="2025-09-16" 
LIBC="default" 
MODULES="java.base java.compiler java.datatransfer java.xml java.prefs java.desktop java.instrument java.logging java.management java.security.sasl java.naming java.rmi java.management.rmi java.net.http java.scripting java.security.jgss java.transaction.xa java.sql java.sql.rowset java.xml.crypto java.se java.smartcardio jdk.accessibility jdk.internal.jvmstat jdk.attach jdk.charsets jdk.internal.opt jdk.zipfs jdk.compiler jdk.crypto.cryptoki jdk.crypto.ec jdk.crypto.mscapi jdk.dynalink jdk.internal.ed jdk.editpad jdk.internal.vm.ci jdk.graal.compiler jdk.graal.compiler.management jdk.hotspot.agent jdk.httpserver jdk.incubator.vector jdk.internal.le jdk.internal.md jdk.jartool jdk.javadoc jdk.jcmd jdk.management jdk.management.agent jdk.jconsole jdk.jdeps jdk.jdwp.agent jdk.jdi jdk.jfr jdk.jlink jdk.jpackage jdk.jshell jdk.jsobject jdk.jstatd jdk.localedata jdk.management.jfr jdk.naming.dns jdk.naming.rmi jdk.net jdk.nio.mapmode jdk.sctp jdk.security.auth jdk.security.jgss jdk.unsupported jdk.unsupported.desktop jdk.xml.dom" 
OS_ARCH="x86_64" 
OS_NAME="Windows" 
SOURCE=".:git:49d6a23b8806 open:git:6c48f4ed707b" 

Environment Variables:
JAVA_HOME=C:\Program Files\Java\jdk-25
PATH=C:\Program Files\Common Files\Oracle\Java\javapath;C:\Program Files (x86)\Common Files\Oracle\Java\java8path;C:\Program Files (x86)\Common Files\Oracle\Java\javapath;C:\WINDOWS\system32;C:\WINDOWS;C:\WINDOWS\System32\Wbem;C:\WINDOWS\System32\WindowsPowerShell\v1.0\;C:\WINDOWS\System32\OpenSSH\;C:\Program Files\NVIDIA Corporation\NVIDIA App\NvDLISR;C:\Program Files (x86)\NVIDIA Corporation\PhysX\Common;C:\Users\Utente\AppData\Local\Programs\Python\Launcher\;C:\Users\Utente\AppData\Local\Microsoft\WindowsApps;D:\Program Files\Microsoft VS Code\bin;C:\Users\Utente\.lmstudio\bin
USERNAME=Utente
OS=Windows_NT
PROCESSOR_IDENTIFIER=AMD64 Family 26 Model 68 Stepping 0, AuthenticAMD
TMP=C:\Users\Utente\AppData\Local\Temp
TEMP=C:\Users\Utente\AppData\Local\Temp




Compilation memory statistics disabled.

Periodic native trim disabled

---------------  S Y S T E M  ---------------

OS:
 Windows 11 , 64 bit Build 26100 (10.0.26100.8115)
OS uptime: 1 days 1:35 hours
Hyper-V role detected

CPU: total 16 (initial active 16) (16 cores per cpu, 2 threads per core) family 26 model 68 stepping 0 microcode 0xb404032, cx8, cmov, fxsr, ht, mmx, 3dnowpref, sse, sse2, sse3, ssse3, sse4a, sse4.1, sse4.2, popcnt, lzcnt, tsc, tscinvbit, avx, avx2, aes, erms, clmul, bmi1, bmi2, adx, avx512f, avx512dq, avx512cd, avx512bw, avx512vl, sha, fma, vzeroupper, avx512_vpopcntdq, avx512_vpclmulqdq, avx512_vaes, avx512_vnni, clflush, clflushopt, clwb, avx512_vbmi2, avx512_vbmi, hv, rdtscp, rdpid, fsrm, gfni, avx512_bitalg, f16c, cet_ss, avx512_ifma
Processor Information for the first 16 processors :
  Max Mhz: 3800, Current Mhz: 3800, Mhz Limit: 3800

Memory: 4k page, system-wide physical 31801M (19355M free)
TotalPageFile size 33849M (AvailPageFile size 13655M)
current process WorkingSet (physical memory assigned to process): 112M, peak: 112M
current process commit charge ("private bytes"): 735M, peak: 737M

vm_info: Java HotSpot(TM) 64-Bit Server VM (25+37-LTS-3491) for windows-amd64 JRE (25+37-LTS-3491), built on 2025-08-14T21:13:00Z with unknown MS VC++:1943

END.
